"","sample","depth","lat","lon","qPCR"
"1",1,50,37.89499,-123.171755,0.139
"2",2,50,37.89499,-123.171755,1.8
"3",3,25,37.89499,-123.171755,0.799666666666667
"4",4,25,37.89499,-123.171755,1.33566666666667
"5",5,0,37.89499,-123.171755,1.10116666666667
"6",6,0,37.89499,-123.171755,1.064625
"7",7,48,37.89730667,-122.8637667,0.0606666666666667
"8",8,48,37.89730667,-122.8637667,0.443
"9",9,25,37.89730667,-122.8637667,1.70366666666667
"10",10,25,37.89730667,-122.8637667,12.3506666666667
"11",12,0,37.89730667,-122.8637667,0.0782
"12",13,45,38.06400667,-123.0163683,8.06333333333333
"13",14,45,38.06400667,-123.0163683,11.2753333333333
"14",15,25,38.06400667,-123.0163683,0.997166666666667
"15",16,25,38.06400667,-123.0163683,0.6862
"16",17,0,38.06400667,-123.0163683,0.153166666666667
"17",18,0,38.06400667,-123.0163683,0.2606
"18",21,500,38.39640667,-123.7726167,1.9115
"19",22,500,38.39640667,-123.7726167,1.26
"20",23,300,38.39640667,-123.7726167,3.209
"21",24,300,38.39640667,-123.7726167,1.881
"22",25,150,38.39640667,-123.7726167,6.595
"23",26,100,38.39640667,-123.7726167,0.820666666666667
"24",27,100,38.39640667,-123.7726167,45.2496666666667
"25",28,50,38.39640667,-123.7726167,2.28566666666667
"26",29,50,38.39640667,-123.7726167,1.05
"27",30,0,38.39640667,-123.7726167,0.4025
"28",31,0,38.39640667,-123.7726167,2.7545
"29",32,495,38.39212,-123.6252383,26.878
"30",33,495,38.39212,-123.6252383,27.7276666666667
"31",34,300,38.39212,-123.6252383,18.3096666666667
"32",35,300,38.39212,-123.6252383,7.60266666666667
"33",36,150,38.39212,-123.6252383,4.233
"34",37,150,38.39212,-123.6252383,10.252
"35",38,100,38.39212,-123.6252383,6.14866666666667
"36",39,100,38.39212,-123.6252383,130.313666666667
"37",40,50,38.39212,-123.6252383,3.417
"38",41,50,38.39212,-123.6252383,17.9213333333333
"39",42,0,38.39212,-123.6252383,6.13766666666667
"40",43,0,38.39212,-123.6252383,2.20733333333333
"41",44,135,38.39422833,-123.4501533,49.9183333333333
"42",45,135,38.39422833,-123.4501533,33.6616666666667
"43",46,100,38.39422833,-123.4501533,77.2413333333333
"44",47,100,38.39422833,-123.4501533,57.0636666666667
"45",48,50,38.39422833,-123.4501533,9.91366666666667
"46",49,50,38.39422833,-123.4501533,12.3523333333333
"47",50,0,38.39422833,-123.4501533,10.1116666666667
"48",51,0,38.39422833,-123.4501533,7.92466666666667
"49",52,40,38.39622167,-123.1414683,5.732
"50",53,40,38.39622167,-123.1414683,16.9246666666667
"51",54,25,38.39622167,-123.1414683,5.63
"52",55,25,38.39622167,-123.1414683,217.849
"53",56,0,38.39622167,-123.1414683,1.39666666666667
"54",57,0,38.39622167,-123.1414683,2.07933333333333
"55",58,50,38.56360833,-123.3499667,2.244
"56",59,50,38.56360833,-123.3499667,1.74933333333333
"57",60,25,38.56360833,-123.3499667,3.81266666666667
"58",61,25,38.56360833,-123.3499667,5.409
"59",62,0,38.56360833,-123.3499667,0.751
"60",63,0,38.56360833,-123.3499667,3.131
"61",64,150,38.56174167,-123.6588383,142.765
"62",65,150,38.56174167,-123.6588383,42.4623333333333
"63",66,100,38.56174167,-123.6588383,4.83133333333333
"64",67,100,38.56174167,-123.6588383,6.55033333333333
"65",68,50,38.56174167,-123.6588383,6.3635
"66",69,50,38.56174167,-123.6588383,1.149
"67",70,0,38.56174167,-123.6588383,2.2315
"68",71,0,38.56174167,-123.6588383,0.757
"69",72,500,38.56264167,-123.9785983,2.83366666666667
"70",73,500,38.56264167,-123.9785983,4.579
"71",74,300,38.56264167,-123.9785983,6.977
"72",75,300,38.56264167,-123.9785983,10.272
"73",76,150,38.56264167,-123.9785983,3.53366666666667
"74",77,150,38.56264167,-123.9785983,4.697
"75",78,100,38.56264167,-123.9785983,18.343
"76",79,100,38.56264167,-123.9785983,1.0805
"77",80,50,38.56264167,-123.9785983,0.699
"78",81,50,38.56264167,-123.9785983,2.592
"79",82,0,38.56264167,-123.9785983,0.34975
"80",83,0,38.56264167,-123.9785983,0.2025
"81",84,500,38.72578,-124.28769,2.76333333333333
"82",85,500,38.72578,-124.28769,2.721
"83",86,300,38.72578,-124.28769,80.9923333333333
"84",87,300,38.72578,-124.28769,10.371
"85",88,150,38.72578,-124.28769,6.87266666666667
"86",89,150,38.72578,-124.28769,6.85066666666667
"87",90,100,38.72578,-124.28769,4.89433333333333
"88",91,100,38.72578,-124.28769,6.277
"89",92,50,38.72578,-124.28769,5.87966666666667
"90",93,50,38.72578,-124.28769,0.787666666666667
"91",94,0,38.72578,-124.28769,0.219333333333333
"92",95,500,38.73053833,-124.073795,5.00233333333333
"93",96,500,38.73053833,-124.073795,1.976
"94",97,300,38.73053833,-124.073795,27.6176666666667
"95",98,300,38.73053833,-124.073795,30.7906666666667
"96",99,150,38.73053833,-124.073795,15.9803333333333
"97",100,150,38.73053833,-124.073795,26.9966666666667
"98",101,100,38.73053833,-124.073795,15.478
"99",102,100,38.73053833,-124.073795,10.9006666666667
"100",103,50,38.73053833,-124.073795,7.88966666666667
"101",104,50,38.73053833,-124.073795,22.314
"102",105,0,38.73053833,-124.073795,97.6782142857143
"103",106,0,38.73053833,-124.073795,0.491
"104",108,500,38.73135,-123.861485,27.1306666666667
"105",109,500,38.73135,-123.861485,5.21133333333333
"106",110,300,38.73135,-123.861485,25.2266666666667
"107",111,300,38.73135,-123.861485,25.8416666666667
"108",112,150,38.73135,-123.861485,59.8373333333333
"109",113,150,38.73135,-123.861485,45.079
"110",114,100,38.73135,-123.861485,11.9063333333333
"111",115,100,38.73135,-123.861485,19.617
"112",116,50,38.73135,-123.861485,6.71566666666667
"113",117,50,38.73135,-123.861485,7.736
"114",118,0,38.73135,-123.861485,11.6553333333333
"115",119,0,38.73135,-123.861485,7.68833333333333
"116",120,145,38.730965,-123.7684633,81.1873333333333
"117",121,145,38.730965,-123.7684633,96.1453333333333
"118",122,100,38.730965,-123.7684633,47.5463333333333
"119",123,100,38.730965,-123.7684633,44.973
"120",124,50,38.730965,-123.7684633,17.3486666666667
"121",125,50,38.730965,-123.7684633,13.3036666666667
"122",126,0,38.730965,-123.7684633,1.80666666666667
"123",127,0,38.730965,-123.7684633,9.37933333333333
"124",128,35,38.73188,-123.526325,19.921
"125",129,35,38.73188,-123.526325,4.75133333333333
"126",130,25,38.73188,-123.526325,8.73
"127",131,25,38.73188,-123.526325,7.607
"128",132,0,38.73188,-123.526325,3.94233333333333
"129",133,0,38.73188,-123.526325,2.87233333333333
"130",134,0,38.73188,-123.526325,8.912
"131",135,0,38.73188,-123.526325,1.66816666666667
"132",136,45,39.06565833,-123.7307767,9.16233333333333
"133",137,45,39.06565833,-123.7307767,4.694
"134",138,25,39.06565833,-123.7307767,7.13933333333333
"135",139,25,39.06565833,-123.7307767,5.30033333333333
"136",140,0,39.06565833,-123.7307767,2.503
"137",141,0,39.06565833,-123.7307767,3.40466666666667
"138",142,0,39.06565833,-123.7307767,9.775
"139",143,0,39.06565833,-123.7307767,1.99233333333333
"140",144,145,39.064125,-123.9372133,15.4083333333333
"141",145,145,39.064125,-123.9372133,13.8606666666667
"142",146,100,39.064125,-123.9372133,8.586
"143",147,100,39.064125,-123.9372133,2.661
"144",148,50,39.064125,-123.9372133,0.956
"145",149,50,39.064125,-123.9372133,1.711
"146",150,0,39.064125,-123.9372133,3.04245454545455
"147",151,0,39.064125,-123.9372133,0.6475
"148",152,475,39.064665,-123.9845317,11.2253333333333
"149",153,475,39.064665,-123.9845317,34.706
"150",154,280,39.064665,-123.9845317,4.60666666666667
"151",155,280,39.064665,-123.9845317,6.38966666666667
"152",156,150,39.064665,-123.9845317,3.72866666666667
"153",157,150,39.064665,-123.9845317,2.83266666666667
"154",158,100,39.064665,-123.9845317,0.936
"155",159,100,39.064665,-123.9845317,1.2655
"156",160,50,39.064665,-123.9845317,0.841
"157",161,50,39.064665,-123.9845317,2.25166666666667
"158",162,0,39.064665,-123.9845317,0.32775
"159",163,0,39.064665,-123.9845317,1.0605
"160",166,500,39.062135,-124.2069517,0.895
"161",167,500,39.062135,-124.2069517,1.27033333333333
"162",168,300,39.062135,-124.2069517,1.785
"163",169,300,39.062135,-124.2069517,4.42466666666667
"164",170,150,39.062135,-124.2069517,65.5563333333333
"165",171,150,39.062135,-124.2069517,3.7915
"166",172,100,39.062135,-124.2069517,0.9395
"167",173,100,39.062135,-124.2069517,1.012
"168",174,50,39.062135,-124.2069517,0.192
"169",175,50,39.062135,-124.2069517,0.006
"170",176,0,39.062135,-124.2069517,30.1686666666667
"171",178,500,39.39722,-124.5593383,38.4843333333333
"172",179,500,39.39722,-124.5593383,3.14133333333333
"173",180,300,39.39722,-124.5593383,13.0886666666667
"174",181,300,39.39722,-124.5593383,2.752
"175",182,150,39.39722,-124.5593383,49.9073333333333
"176",183,150,39.39722,-124.5593383,67.207
"177",184,100,39.39722,-124.5593383,15.776
"178",185,100,39.39722,-124.5593383,4.32716666666667
"179",186,50,39.39722,-124.5593383,9.70161538461539
"180",187,50,39.39722,-124.5593383,1.34475
"181",188,0,39.39722,-124.5593383,1.11566666666667
"182",189,0,39.39722,-124.5593383,5.98838461538462
"183",190,500,39.395895,-124.3384933,6.62733333333333
"184",191,500,39.395895,-124.3384933,2.19666666666667
"185",192,300,39.395895,-124.3384933,8.86466666666667
"186",193,300,39.395895,-124.3384933,20.7073333333333
"187",194,150,39.395895,-124.3384933,9.25666666666667
"188",195,150,39.395895,-124.3384933,2.23733333333333
"189",196,100,39.395895,-124.3384933,2.40366666666667
"190",197,100,39.395895,-124.3384933,8.58066666666667
"191",198,50,39.395895,-124.3384933,10.1076666666667
"192",199,50,39.395895,-124.3384933,12.1616666666667
"193",200,0,39.395895,-124.3384933,1.8002
"194",201,0,39.395895,-124.3384933,4.53638461538462
"195",202,494,39.39715167,-124.0178583,4.25233333333333
"196",203,494,39.39715167,-124.0178583,12.9686666666667
"197",204,300,39.39715167,-124.0178583,7.161
"198",205,300,39.39715167,-124.0178583,6.665
"199",206,150,39.39715167,-124.0178583,5.56466666666667
"200",207,150,39.39715167,-124.0178583,132.775666666667
"201",208,100,39.39715167,-124.0178583,15.2823333333333
"202",209,100,39.39715167,-124.0178583,24.307
"203",210,50,39.39715167,-124.0178583,25.4813333333333
"204",211,50,39.39715167,-124.0178583,20.4713333333333
"205",212,0,39.39715167,-124.0178583,12.9426666666667
"206",213,0,39.39715167,-124.0178583,13.8546666666667
"207",215,146,39.39729833,-123.9491633,675.759
"208",216,146,39.39729833,-123.9491633,184.638666666667
"209",217,100,39.39729833,-123.9491633,57.028
"210",218,100,39.39729833,-123.9491633,168.581666666667
"211",219,50,39.39729833,-123.9491633,57.3623333333333
"212",220,50,39.39729833,-123.9491633,48.5266666666667
"213",221,0,39.39729833,-123.9491633,6.23266666666667
"214",222,0,39.39729833,-123.9491633,11.6278333333333
"215",223,25,39.39802167,-123.834825,1.455
"216",224,25,39.39802167,-123.834825,11.2546666666667
"217",225,0,39.39802167,-123.834825,8.28766666666667
"218",226,0,39.39802167,-123.834825,0.319833333333333
"219",227,500,39.73059833,-124.6214717,12.8063333333333
"220",228,500,39.73059833,-124.6214717,4.254
"221",229,300,39.73059833,-124.6214717,5.72033333333333
"222",230,300,39.73059833,-124.6214717,6.20366666666667
"223",231,150,39.73059833,-124.6214717,1.0435
"224",232,150,39.73059833,-124.6214717,2.17466666666667
"225",233,100,39.73059833,-124.6214717,1.219
"226",234,100,39.73059833,-124.6214717,17.7826666666667
"227",235,50,39.73059833,-124.6214717,8.29933333333333
"228",236,50,39.73059833,-124.6214717,3.87633333333333
"229",237,0,39.73059833,-124.6214717,0.163
"230",238,0,39.73059833,-124.6214717,0.381666666666667
"231",239,500,39.73188333,-124.1845433,1.66233333333333
"232",240,500,39.73188333,-124.1845433,23.0376666666667
"233",241,300,39.73188333,-124.1845433,72.065
"234",242,300,39.73188333,-124.1845433,283.261
"235",243,150,39.73188333,-124.1845433,17.7416666666667
"236",244,150,39.73188333,-124.1845433,16.4806666666667
"237",245,100,39.73188333,-124.1845433,9.782
"238",246,100,39.73188333,-124.1845433,20.0495
"239",247,50,39.73188333,-124.1845433,14.3458333333333
"240",248,50,39.73188333,-124.1845433,36.9546666666667
"241",249,0,39.73188333,-124.1845433,7.961
"242",250,0,39.73188333,-124.1845433,12.6945
"243",251,467,39.731755,-124.07336,25.686
"244",252,467,39.731755,-124.07336,15.552
"245",253,300,39.731755,-124.07336,7.82033333333333
"246",254,300,39.731755,-124.07336,23.976
"247",255,150,39.731755,-124.07336,37.4826666666667
"248",256,150,39.731755,-124.07336,51.9943333333333
"249",257,100,39.731755,-124.07336,44.5266666666667
"250",258,100,39.731755,-124.07336,57.76
"251",259,50,39.731755,-124.07336,26.5723333333333
"252",260,50,39.731755,-124.07336,21.7533333333333
"253",261,0,39.731755,-124.07336,11.6241666666667
"254",262,0,39.731755,-124.07336,8.09666666666667
"255",263,137,39.73248333,-123.9517533,39.145
"256",264,137,39.73248333,-123.9517533,27.0166666666667
"257",265,100,39.73248333,-123.9517533,14.2443333333333
"258",266,100,39.73248333,-123.9517533,18.13
"259",267,50,39.73248333,-123.9517533,10.5323333333333
"260",268,50,39.73248333,-123.9517533,6.77766666666667
"261",269,0,39.73248333,-123.9517533,15.727
"262",270,0,39.73248333,-123.9517533,1.953
"263",271,50,39.73022833,-123.8644517,3.197
"264",272,50,39.73022833,-123.8644517,7.36533333333333
"265",273,25,39.73022833,-123.8644517,0.298
"266",274,25,39.73022833,-123.8644517,2.953
"267",275,0,39.73022833,-123.8644517,0.7012
"268",276,0,39.73022833,-123.8644517,0.442
"269",277,0,39.73022833,-123.8644517,0.9048
"270",278,0,39.73022833,-123.8644517,0.507
"271",282,48,40.065505,-124.1372783,8.87566666666667
"272",283,48,40.065505,-124.1372783,4.75683333333333
"273",284,25,40.065505,-124.1372783,3.4705
"274",285,25,40.065505,-124.1372783,1.91283333333333
"275",286,0,40.065505,-124.1372783,0.04
"276",287,0,40.065505,-124.1372783,0.027
"277",288,300,40.06306,-124.2782183,9.765
"278",289,300,40.06306,-124.2782183,13.34
"279",290,150,40.06306,-124.2782183,205.046333333333
"280",291,150,40.06306,-124.2782183,20.8113333333333
"281",292,100,40.06306,-124.2782183,14.8343333333333
"282",293,100,40.06306,-124.2782183,9.56066666666667
"283",294,50,40.06306,-124.2782183,45.475
"284",295,50,40.06306,-124.2782183,22.0626666666667
"285",296,0,40.06306,-124.2782183,0.431833333333333
"286",297,0,40.06306,-124.2782183,0.96
"287",298,500,40.06066,-124.421245,1.348
"288",299,500,40.06066,-124.421245,3.843
"289",300,300,40.06066,-124.421245,6.71833333333333
"290",301,300,40.06066,-124.421245,4.415
"291",302,150,40.06066,-124.421245,8.60033333333333
"292",303,150,40.06066,-124.421245,5.90566666666667
"293",304,100,40.06066,-124.421245,5.10366666666667
"294",305,100,40.06066,-124.421245,6.97366666666667
"295",306,50,40.06066,-124.421245,1.96733333333333
"296",307,50,40.06066,-124.421245,1.22933333333333
"297",308,0,40.06066,-124.421245,2.22333333333333
"298",309,0,40.06066,-124.421245,2.78161538461538
"299",310,500,40.06181,-124.6436167,1.19866666666667
"300",311,500,40.06181,-124.6436167,2.489
"301",312,300,40.06181,-124.6436167,7.35066666666667
"302",313,300,40.06181,-124.6436167,4.852
"303",314,150,40.06181,-124.6436167,15.1816666666667
"304",315,150,40.06181,-124.6436167,4.83633333333333
"305",316,100,40.06181,-124.6436167,2.22266666666667
"306",317,100,40.06181,-124.6436167,1.87533333333333
"307",318,50,40.06181,-124.6436167,0.2856
"308",319,50,40.06181,-124.6436167,0.447
"309",320,0,40.06181,-124.6436167,0.793866666666667
"310",321,0,40.06181,-124.6436167,1.24775
"311",322,500,40.06103167,-124.85885,0.731333333333333
"312",323,500,40.06103167,-124.85885,1.15333333333333
"313",324,300,40.06103167,-124.85885,26.5266666666667
"314",325,300,40.06103167,-124.85885,31.6306666666667
"315",326,150,40.06103167,-124.85885,6.676
"316",327,150,40.06103167,-124.85885,7.742
"317",328,100,40.06103167,-124.85885,4.46533333333333
"318",329,100,40.06103167,-124.85885,4.69066666666667
"319",330,50,40.06103167,-124.85885,4.16166666666667
"320",331,50,40.06103167,-124.85885,4.23766666666667
"321",332,0,40.06103167,-124.85885,0.1365
"322",333,0,40.06103167,-124.85885,0.4885
"323",334,500,40.06377,-125.0781317,0.273333333333333
"324",335,500,40.06377,-125.0781317,0.500666666666667
"325",336,300,40.06377,-125.0781317,0.502
"326",337,300,40.06377,-125.0781317,4.265
"327",338,150,40.06377,-125.0781317,0.976
"328",339,150,40.06377,-125.0781317,1.371
"329",340,100,40.06377,-125.0781317,1.52066666666667
"330",341,100,40.06377,-125.0781317,0.784
"331",342,50,40.06377,-125.0781317,0.2255
"332",343,50,40.06377,-125.0781317,0.493333333333333
"333",344,0,40.06377,-125.0781317,0.183333333333333
"334",348,500,40.39612,-125.1259683,26.949
"335",349,500,40.39612,-125.1259683,18.0133333333333
"336",350,300,40.39612,-125.1259683,36.6866666666667
"337",351,300,40.39612,-125.1259683,18.597
"338",352,150,40.39612,-125.1259683,226.227666666667
"339",353,150,40.39612,-125.1259683,20.0396666666667
"340",354,100,40.39612,-125.1259683,11.3083333333333
"341",355,100,40.39612,-125.1259683,88.6983333333333
"342",356,50,40.39612,-125.1259683,26.383
"343",357,50,40.39612,-125.1259683,88.9106666666667
"344",358,0,40.39612,-125.1259683,0.5525
"345",359,0,40.39612,-125.1259683,0.393666666666667
"346",360,500,40.39824,-124.9122883,2.601
"347",361,500,40.39824,-124.9122883,31.821
"348",362,300,40.39824,-124.9122883,19.625
"349",363,300,40.39824,-124.9122883,12.5073333333333
"350",364,150,40.39824,-124.9122883,58.6356666666667
"351",365,150,40.39824,-124.9122883,34.6446666666667
"352",366,100,40.39824,-124.9122883,11.0523333333333
"353",367,100,40.39824,-124.9122883,12.0256666666667
"354",368,50,40.39824,-124.9122883,6.01633333333333
"355",369,50,40.39824,-124.9122883,4.822
"356",370,0,40.39824,-124.9122883,10.9567142857143
"357",371,0,40.39824,-124.9122883,1.65657142857143
"358",372,500,40.39516167,-124.6909867,5.04066666666667
"359",373,500,40.39516167,-124.6909867,3.592
"360",374,300,40.39516167,-124.6909867,28.1616666666667
"361",375,300,40.39516167,-124.6909867,3.74766666666667
"362",376,150,40.39516167,-124.6909867,18.897
"363",377,150,40.39516167,-124.6909867,9.985
"364",378,100,40.39516167,-124.6909867,14.7336666666667
"365",379,100,40.39516167,-124.6909867,22.8836666666667
"366",380,50,40.39516167,-124.6909867,10.9103333333333
"367",381,50,40.39516167,-124.6909867,3.54433333333333
"368",382,0,40.39516167,-124.6909867,1.8282
"369",383,0,40.39516167,-124.6909867,1.41221428571429
"370",384,425,40.39651833,-124.5772267,5.41866666666667
"371",385,425,40.39651833,-124.5772267,6.928
"372",386,300,40.39651833,-124.5772267,5.144
"373",387,300,40.39651833,-124.5772267,1.76133333333333
"374",388,150,40.39651833,-124.5772267,17.4783333333333
"375",389,150,40.39651833,-124.5772267,3.13733333333333
"376",390,100,40.39651833,-124.5772267,4.74833333333333
"377",391,100,40.39651833,-124.5772267,5.69933333333333
"378",392,50,40.39651833,-124.5772267,2.71066666666667
"379",393,50,40.39651833,-124.5772267,2.527
"380",395,0,40.39651833,-124.5772267,42.8346363636364
"381",396,137,40.39806333,-124.5435133,3.729
"382",397,137,40.39806333,-124.5435133,19.7773333333333
"383",398,100,40.39806333,-124.5435133,4.087
"384",399,100,40.39806333,-124.5435133,3.70666666666667
"385",400,50,40.39806333,-124.5435133,16.2943333333333
"386",401,50,40.39806333,-124.5435133,4.68533333333333
"387",402,0,40.39806333,-124.5435133,1.9338
"388",403,0,40.39806333,-124.5435133,3.019
"389",404,47,40.3966,-124.447735,3.28333333333333
"390",405,47,40.3966,-124.447735,2.14766666666667
"391",406,25,40.3966,-124.447735,7.76733333333333
"392",407,25,40.3966,-124.447735,10.6643333333333
"393",408,0,40.3966,-124.447735,0.513666666666667
"394",409,0,40.3966,-124.447735,1.019
"395",413,45,40.56358833,-124.452305,4.554
"396",414,45,40.56358833,-124.452305,3.89666666666667
"397",415,25,40.56358833,-124.452305,36.683
"398",416,25,40.56358833,-124.452305,11.7283333333333
"399",417,0,40.56358833,-124.452305,0.6666
"400",418,0,40.56358833,-124.452305,0.4042
"401",419,500,40.5655825,-124.7830292,71.9363333333333
"402",420,500,40.5655825,-124.7830292,2.93133333333333
"403",421,300,40.5655825,-124.7830292,64.7803333333333
"404",422,300,40.5655825,-124.7830292,11.3093333333333
"405",423,150,40.5655825,-124.7830292,15.9823333333333
"406",424,150,40.5655825,-124.7830292,8.43733333333333
"407",425,100,40.5655825,-124.7830292,31.8296666666667
"408",426,100,40.5655825,-124.7830292,9.80766666666667
"409",427,50,40.5655825,-124.7830292,43.825
"410",428,50,40.5655825,-124.7830292,19.7476666666667
"411",429,0,40.5655825,-124.7830292,2.43625
"412",430,0,40.5655825,-124.7830292,0.2518
"413",431,500,40.561005,-125.1123733,3.08166666666667
"414",432,500,40.561005,-125.1123733,2.563
"415",433,300,40.561005,-125.1123733,27.4853333333333
"416",434,300,40.561005,-125.1123733,9.43633333333333
"417",435,150,40.561005,-125.1123733,7.08566666666667
"418",436,150,40.561005,-125.1123733,10.8586666666667
"419",437,100,40.561005,-125.1123733,18.168
"420",438,100,40.561005,-125.1123733,7.964
"421",439,50,40.561005,-125.1123733,1.75033333333333
"422",440,50,40.561005,-125.1123733,9.54333333333333
"423",441,0,40.561005,-125.1123733,0.311166666666667
"424",442,0,40.561005,-125.1123733,0.325
"425",443,500,40.56516333,-125.3394233,1.86133333333333
"426",444,500,40.56516333,-125.3394233,0.629333333333333
"427",445,300,40.56516333,-125.3394233,8.344
"428",446,300,40.56516333,-125.3394233,3.474
"429",447,150,40.56516333,-125.3394233,8.095
"430",448,150,40.56516333,-125.3394233,4.62466666666667
"431",449,100,40.56516333,-125.3394233,2.41633333333333
"432",450,100,40.56516333,-125.3394233,2.81433333333333
"433",451,50,40.56516333,-125.3394233,1.332
"434",452,50,40.56516333,-125.3394233,3.899
"435",453,0,40.56516333,-125.3394233,0.1382
"436",454,0,40.56516333,-125.3394233,0.342333333333333
"437",456,42,40.72985,-124.3734867,9.7815
"438",457,42,40.72985,-124.3734867,19.116
"439",458,25,40.72985,-124.3734867,37.9375
"440",459,25,40.72985,-124.3734867,10.1023333333333
"441",460,0,40.72985,-124.3734867,162.812833333333
"442",461,0,40.72985,-124.3734867,195.788444444444
"443",462,0,40.72985,-124.3734867,1.504
"444",463,0,40.72985,-124.3734867,9.53988888888889
"445",464,142,40.73203833,-124.4885933,114.232666666667
"446",465,142,40.73203833,-124.4885933,105.239
"447",466,100,40.73203833,-124.4885933,53.4446666666667
"448",467,100,40.73203833,-124.4885933,67.136
"449",468,50,40.73203833,-124.4885933,338.746666666667
"450",469,50,40.73203833,-124.4885933,21.08
"451",470,0,40.73203833,-124.4885933,1.61233333333333
"452",471,0,40.73203833,-124.4885933,1.31511111111111
"453",472,300,40.72983833,-124.544465,10.213
"454",473,300,40.72983833,-124.544465,7.496
"455",474,150,40.72983833,-124.544465,34.7886666666667
"456",475,150,40.72983833,-124.544465,21.6666666666667
"457",476,100,40.72983833,-124.544465,10.3983333333333
"458",477,100,40.72983833,-124.544465,5.83166666666667
"459",478,500,40.73091833,-124.6617817,10.622
"460",479,500,40.73091833,-124.6617817,23.228
"461",480,300,40.73091833,-124.6617817,15.642
"462",481,300,40.73091833,-124.6617817,15.195
"463",482,150,40.73091833,-124.6617817,122.735333333333
"464",483,150,40.73091833,-124.6617817,37.5266666666667
"465",484,100,40.73091833,-124.6617817,125.315
"466",485,100,40.73091833,-124.6617817,85.453
"467",486,50,40.73091833,-124.6617817,25.8333333333333
"468",487,50,40.73091833,-124.6617817,49.926
"469",488,0,40.73091833,-124.6617817,35.2877272727273
"470",489,0,40.73091833,-124.6617817,8.91416666666667
"471",490,500,40.73095167,-124.8794483,7.419
"472",491,500,40.73095167,-124.8794483,4.78033333333333
"473",492,300,40.73095167,-124.8794483,7.78033333333333
"474",493,300,40.73095167,-124.8794483,10.7176666666667
"475",494,150,40.73095167,-124.8794483,63.3436666666667
"476",495,150,40.73095167,-124.8794483,18.6573333333333
"477",496,100,40.73095167,-124.8794483,21.4186666666667
"478",497,100,40.73095167,-124.8794483,21.1963333333333
"479",498,50,40.73095167,-124.8794483,43.6083333333333
"480",499,50,40.73095167,-124.8794483,160.742
"481",500,0,40.73095167,-124.8794483,1.76166666666667
"482",501,0,40.73095167,-124.8794483,0.861125
"483",502,500,40.72901667,-125.1001667,15.444
"484",503,500,40.72901667,-125.1001667,2.4822
"485",504,300,40.72901667,-125.1001667,42.8106666666667
"486",505,300,40.72901667,-125.1001667,17.061
"487",506,150,40.72901667,-125.1001667,27.1723333333333
"488",507,150,40.72901667,-125.1001667,37.2433333333333
"489",508,100,40.72901667,-125.1001667,14.343
"490",509,100,40.72901667,-125.1001667,10.568
"491",510,50,40.72901667,-125.1001667,7.03433333333333
"492",511,50,40.72901667,-125.1001667,87.763
"493",512,0,40.72901667,-125.1001667,3.906
"494",513,0,40.72901667,-125.1001667,0.655666666666667
"495",515,500,41.23130333,-124.9554167,1.878
"496",516,500,41.23130333,-124.9554167,5.72733333333333
"497",517,300,41.23130333,-124.9554167,7.387
"498",518,300,41.23130333,-124.9554167,1.56133333333333
"499",519,150,41.23130333,-124.9554167,14.1746666666667
"500",520,150,41.23130333,-124.9554167,2.48533333333333
"501",521,100,41.23130333,-124.9554167,7.27366666666667
"502",522,100,41.23130333,-124.9554167,36.5893333333333
"503",523,50,41.23130333,-124.9554167,94.8793333333333
"504",524,50,41.23130333,-124.9554167,525.445666666667
"505",525,0,41.23130333,-124.9554167,0.117
"506",526,0,41.23130333,-124.9554167,0.3265
"507",527,500,41.22989333,-124.8432383,8.54533333333333
"508",528,500,41.22989333,-124.8432383,4.42066666666667
"509",529,300,41.22989333,-124.8432383,11.76
"510",530,300,41.22989333,-124.8432383,4.218
"511",531,150,41.22989333,-124.8432383,2.67733333333333
"512",532,150,41.22989333,-124.8432383,114.045
"513",533,100,41.22989333,-124.8432383,10.2806666666667
"514",534,100,41.22989333,-124.8432383,10.2093333333333
"515",535,50,41.22989333,-124.8432383,0.153333333333333
"516",536,50,41.22989333,-124.8432383,270.706
"517",537,0,41.22989333,-124.8432383,18.8145
"518",538,0,41.22989333,-124.8432383,0.638833333333333
"519",539,500,41.23201167,-124.5093483,1.51166666666667
"520",540,500,41.23201167,-124.5093483,2.41566666666667
"521",541,300,41.23201167,-124.5093483,11.091
"522",542,300,41.23201167,-124.5093483,9.20966666666667
"523",543,150,41.23201167,-124.5093483,1.35033333333333
"524",544,150,41.23201167,-124.5093483,14.7283333333333
"525",545,100,41.23201167,-124.5093483,1.03633333333333
"526",546,100,41.23201167,-124.5093483,1.992
"527",547,50,41.23201167,-124.5093483,5.552
"528",548,50,41.23201167,-124.5093483,3.28933333333333
"529",549,0,41.23201167,-124.5093483,0.40775
"530",550,0,41.23201167,-124.5093483,0.416875
"531",551,44,41.23093583,-124.1784033,0.18325
"532",552,44,41.23093583,-124.1784033,0.9205
"533",553,25,41.23093583,-124.1784033,1.43333333333333
"534",554,25,41.23093583,-124.1784033,0.28675
"535",556,0,41.23093583,-124.1784033,0.48
"536",558,500,41.393765,-124.9871533,3.22133333333333
"537",559,500,41.393765,-124.9871533,5.232
"538",560,300,41.393765,-124.9871533,6.25166666666667
"539",561,300,41.393765,-124.9871533,2.71
"540",562,150,41.393765,-124.9871533,3.17066666666667
"541",563,150,41.393765,-124.9871533,0.9825
"542",564,100,41.393765,-124.9871533,60.881
"543",565,100,41.393765,-124.9871533,3.51833333333333
"544",566,50,41.393765,-124.9871533,23.277
"545",567,50,41.393765,-124.9871533,74.0983333333333
"546",568,0,41.393765,-124.9871533,0.464571428571429
"547",569,0,41.393765,-124.9871533,0.107571428571429
"548",570,500,41.39631333,-124.7418667,5.021
"549",571,500,41.39631333,-124.7418667,2.295
"550",572,300,41.39631333,-124.7418667,9.15266666666667
"551",573,300,41.39631333,-124.7418667,5.53
"552",574,150,41.39631333,-124.7418667,10.924
"553",575,150,41.39631333,-124.7418667,10.0023333333333
"554",576,100,41.39631333,-124.7418667,3.653
"555",577,100,41.39631333,-124.7418667,16.588
"556",578,50,41.39631333,-124.7418667,6.297
"557",579,50,41.39631333,-124.7418667,38.2853333333333
"558",580,0,41.39631333,-124.7418667,0.01
"559",581,0,41.39631333,-124.7418667,0.8229
"560",582,500,41.39870667,-124.6264717,1.52866666666667
"561",583,500,41.39870667,-124.6264717,28.8563333333333
"562",584,300,41.39870667,-124.6264717,15.145
"563",585,300,41.39870667,-124.6264717,7.454
"564",586,150,41.39870667,-124.6264717,2.273
"565",587,150,41.39870667,-124.6264717,2.043
"566",588,100,41.39870667,-124.6264717,2.894
"567",589,100,41.39870667,-124.6264717,2.51066666666667
"568",590,50,41.39870667,-124.6264717,4.841
"569",591,50,41.39870667,-124.6264717,9.55733333333333
"570",592,0,41.39870667,-124.6264717,0.5
"571",593,0,41.39870667,-124.6264717,0.4475
"572",594,442,41.39164333,-124.5129967,7.433
"573",595,442,41.39164333,-124.5129967,11.9833333333333
"574",596,300,41.39164333,-124.5129967,11.7843333333333
"575",597,300,41.39164333,-124.5129967,4.975
"576",598,150,41.39164333,-124.5129967,2.60133333333333
"577",599,150,41.39164333,-124.5129967,0.416333333333333
"578",600,100,41.39164333,-124.5129967,1.207
"579",601,100,41.39164333,-124.5129967,0.884333333333333
"580",602,50,41.39164333,-124.5129967,1.12033333333333
"581",603,50,41.39164333,-124.5129967,0.801
"582",604,0,41.39164333,-124.5129967,0.0945
"583",605,0,41.39164333,-124.5129967,0.183
"584",606,135,41.39645833,-124.4356367,13.9743333333333
"585",607,135,41.39645833,-124.4356367,11.2216666666667
"586",608,100,41.39645833,-124.4356367,6.91533333333333
"587",609,100,41.39645833,-124.4356367,1.99266666666667
"588",610,50,41.39645833,-124.4356367,1.37966666666667
"589",611,50,41.39645833,-124.4356367,2.51233333333333
"590",612,0,41.39645833,-124.4356367,0.5034
"591",613,0,41.39645833,-124.4356367,0.882
"592",617,500,42.06771833,-125.1642983,4.99833333333333
"593",618,500,42.06771833,-125.1642983,2.17433333333333
"594",619,300,42.06771833,-125.1642983,13.0953333333333
"595",620,300,42.06771833,-125.1642983,3.01933333333333
"596",621,150,42.06771833,-125.1642983,20.0336666666667
"597",622,150,42.06771833,-125.1642983,11.5676666666667
"598",623,100,42.06771833,-125.1642983,189.771
"599",624,100,42.06771833,-125.1642983,87.9966666666667
"600",625,50,42.06771833,-125.1642983,7.168
"601",626,50,42.06771833,-125.1642983,33.6443333333333
"602",627,0,42.06771833,-125.1642983,0.787285714285714
"603",628,0,42.06771833,-125.1642983,2.08716666666667
"604",629,500,42.06740167,-125.00537,1.71366666666667
"605",630,500,42.06740167,-125.00537,1.40166666666667
"606",631,300,42.06740167,-125.00537,7.00433333333333
"607",632,300,42.06740167,-125.00537,7.54366666666667
"608",633,150,42.06740167,-125.00537,2.21733333333333
"609",634,150,42.06740167,-125.00537,63.678
"610",635,100,42.06740167,-125.00537,2.337
"611",637,50,42.06740167,-125.00537,5.10633333333333
"612",638,50,42.06740167,-125.00537,2.323
"613",639,0,42.06740167,-125.00537,2.7035
"614",640,0,42.06740167,-125.00537,32.0571666666667
"615",641,500,42.064585,-124.7708017,2.99133333333333
"616",642,500,42.064585,-124.7708017,1.193
"617",643,300,42.064585,-124.7708017,2.59233333333333
"618",644,300,42.064585,-124.7708017,1.79466666666667
"619",645,150,42.064585,-124.7708017,1.7395
"620",646,150,42.064585,-124.7708017,1.609
"621",647,100,42.064585,-124.7708017,2.12666666666667
"622",648,100,42.064585,-124.7708017,1.7505
"623",649,50,42.064585,-124.7708017,1.23333333333333
"624",650,50,42.064585,-124.7708017,2.27533333333333
"625",651,0,42.064585,-124.7708017,0.836
"626",652,0,42.064585,-124.7708017,2.36533333333333
"627",653,268,42.06485667,-124.5978567,9.466
"628",654,268,42.06485667,-124.5978567,9.05066666666667
"629",655,150,42.06485667,-124.5978567,2.27566666666667
"630",656,150,42.06485667,-124.5978567,2.00666666666667
"631",657,100,42.06485667,-124.5978567,2.922
"632",658,100,42.06485667,-124.5978567,1.9915
"633",659,50,42.06485667,-124.5978567,7.17966666666667
"634",660,50,42.06485667,-124.5978567,17.4103333333333
"635",661,0,42.06485667,-124.5978567,1.635
"636",662,0,42.06485667,-124.5978567,1.72
"637",663,100,42.06466333,-124.5103483,2.737
"638",664,100,42.06466333,-124.5103483,3.14566666666667
"639",665,50,42.06466333,-124.5103483,4.869
"640",666,50,42.06466333,-124.5103483,3.144
"641",667,0,42.06466333,-124.5103483,1.74833333333333
"642",668,0,42.06466333,-124.5103483,0.557666666666667
"643",669,43,42.06483,-124.3726533,2.325
"644",670,43,42.06483,-124.3726533,2.079
"645",671,25,42.06483,-124.3726533,2.443
"646",672,25,42.06483,-124.3726533,0.958
"647",677,150,42.39589167,-124.7121883,7.863
"648",678,100,42.39589167,-124.7121883,1.82333333333333
"649",679,100,42.39589167,-124.7121883,3.117
"650",680,50,42.39589167,-124.7121883,37.122
"651",681,50,42.39589167,-124.7121883,7.54266666666667
"652",682,0,42.39589167,-124.7121883,0.213
"653",683,0,42.39589167,-124.7121883,0.2332
"654",684,496,42.39418167,-124.773615,2.712
"655",685,496,42.39418167,-124.773615,1.10733333333333
"656",686,300,42.39418167,-124.773615,1.44733333333333
"657",687,300,42.39418167,-124.773615,4.23433333333333
"658",688,150,42.39418167,-124.773615,14.1253333333333
"659",689,150,42.39418167,-124.773615,13.7643333333333
"660",690,100,42.39418167,-124.773615,10.4093333333333
"661",691,100,42.39418167,-124.773615,35.8226666666667
"662",692,50,42.39418167,-124.773615,172.397
"663",693,50,42.39418167,-124.773615,6.471
"664",694,0,42.39418167,-124.773615,0.413625
"665",695,0,42.39418167,-124.773615,0.264
"666",696,500,42.39620167,-124.8933467,0.89
"667",697,500,42.39620167,-124.8933467,1.68566666666667
"668",698,300,42.39620167,-124.8933467,1.311
"669",699,300,42.39620167,-124.8933467,1.76633333333333
"670",700,150,42.39620167,-124.8933467,79.2406666666667
"671",701,150,42.39620167,-124.8933467,33.3343333333333
"672",702,100,42.39620167,-124.8933467,0.781666666666667
"673",703,100,42.39620167,-124.8933467,19.3936666666667
"674",704,50,42.39620167,-124.8933467,0.0165
"675",705,50,42.39620167,-124.8933467,0.930666666666667
"676",706,0,42.39620167,-124.8933467,0.4306
"677",707,0,42.39620167,-124.8933467,0.320333333333333
"678",708,500,42.40055,-125.1169683,1.209
"679",709,500,42.40055,-125.1169683,0.989
"680",710,300,42.40055,-125.1169683,0.641
"681",711,300,42.40055,-125.1169683,1.997
"682",712,150,42.40055,-125.1169683,1.04966666666667
"683",713,150,42.40055,-125.1169683,3.40766666666667
"684",714,100,42.40055,-125.1169683,4.51266666666667
"685",715,100,42.40055,-125.1169683,0.752
"686",716,50,42.40055,-125.1169683,0.582
"687",717,50,42.40055,-125.1169683,0.888333333333333
"688",718,0,42.40055,-125.1169683,0.228666666666667
"689",719,0,42.40055,-125.1169683,0.0723333333333333
"690",720,0,42.73895167,-125.2012117,0.314666666666667
"691",721,0,42.73895167,-125.2012117,0.0685
"692",724,500,42.73451,-125.3422767,3.51966666666667
"693",725,500,42.73451,-125.3422767,5.94833333333333
"694",726,300,42.73451,-125.3422767,2.87433333333333
"695",727,300,42.73451,-125.3422767,0.951
"696",728,150,42.73451,-125.3422767,0.947666666666667
"697",729,150,42.73451,-125.3422767,0.644333333333333
"698",730,100,42.73451,-125.3422767,0.8365
"699",731,100,42.73451,-125.3422767,0.633333333333333
"700",732,50,42.73451,-125.3422767,0.161
"701",733,50,42.73451,-125.3422767,0.156
"702",734,0,42.73451,-125.3422767,0.283142857142857
"703",735,0,42.73451,-125.3422767,0.058
"704",736,500,42.729305,-124.883535,1.08766666666667
"705",737,500,42.729305,-124.883535,2.02166666666667
"706",738,300,42.729305,-124.883535,26.5003333333333
"707",739,300,42.729305,-124.883535,9.61133333333333
"708",740,150,42.729305,-124.883535,2.67933333333333
"709",741,150,42.729305,-124.883535,3.55966666666667
"710",742,100,42.729305,-124.883535,2.42466666666667
"711",743,100,42.729305,-124.883535,3.60966666666667
"712",744,50,42.729305,-124.883535,1.34966666666667
"713",745,50,42.729305,-124.883535,1.24833333333333
"714",746,0,42.729305,-124.883535,0.12675
"715",747,0,42.729305,-124.883535,0.286
"716",748,500,42.72764667,-124.7689217,4.66333333333333
"717",749,500,42.72764667,-124.7689217,6.85466666666667
"718",750,300,42.72764667,-124.7689217,19.347
"719",751,300,42.72764667,-124.7689217,10.1093333333333
"720",752,150,42.72764667,-124.7689217,1.026
"721",753,150,42.72764667,-124.7689217,0.982666666666667
"722",754,100,42.72764667,-124.7689217,1.06833333333333
"723",756,50,42.72764667,-124.7689217,0.684666666666667
"724",757,50,42.72764667,-124.7689217,0.618666666666667
"725",758,0,42.72764667,-124.7689217,0.2725
"726",759,0,42.72764667,-124.7689217,0.2494
"727",760,280,42.73079167,-124.7323767,120.540333333333
"728",761,280,42.73079167,-124.7323767,89.4853333333333
"729",762,150,42.73079167,-124.7323767,30.82
"730",763,150,42.73079167,-124.7323767,21.8173333333333
"731",764,100,42.73079167,-124.7323767,19.0883333333333
"732",765,100,42.73079167,-124.7323767,169.594666666667
"733",766,50,42.73079167,-124.7323767,3.84966666666667
"734",767,50,42.73079167,-124.7323767,5.101
"735",768,0,42.73079167,-124.7323767,0.438222222222222
"736",769,0,42.73079167,-124.7323767,0.723857142857143
"737",770,130,42.73027,-124.6753467,2.87166666666667
"738",771,130,42.73027,-124.6753467,2.116
"739",772,100,42.73027,-124.6753467,0.706666666666667
"740",773,100,42.73027,-124.6753467,1.814
"741",774,50,42.73027,-124.6753467,7.22266666666667
"742",775,50,42.73027,-124.6753467,1.96066666666667
"743",776,0,42.73027,-124.6753467,4.19583333333333
"744",777,0,42.73027,-124.6753467,0.5825
"745",779,40,43.06397667,-124.480865,4.728
"746",780,40,43.06397667,-124.480865,0.890666666666667
"747",781,25,43.06397667,-124.480865,5.55066666666667
"748",782,25,43.06397667,-124.480865,0.629333333333333
"749",783,0,43.06397667,-124.480865,1.22045454545455
"750",784,0,43.06397667,-124.480865,0.423
"751",785,140,43.06506167,-124.666015,33.6556666666667
"752",786,140,43.06506167,-124.666015,18.3666666666667
"753",787,100,43.06506167,-124.666015,8.15133333333333
"754",788,100,43.06506167,-124.666015,8.81066666666667
"755",789,50,43.06506167,-124.666015,132.311333333333
"756",790,50,43.06506167,-124.666015,28.1836666666667
"757",791,0,43.06506167,-124.666015,0.89075
"758",792,0,43.06506167,-124.666015,3.03955555555556
"759",793,280,43.0648,-124.87498,18.9726666666667
"760",794,280,43.0648,-124.87498,31.0496666666667
"761",795,150,43.0648,-124.87498,19.8743333333333
"762",796,150,43.0648,-124.87498,17.4778333333333
"763",797,100,43.0648,-124.87498,4.56233333333333
"764",798,100,43.0648,-124.87498,470.683666666667
"765",799,50,43.0648,-124.87498,40.4213333333333
"766",800,50,43.0648,-124.87498,39.8753333333333
"767",801,0,43.0648,-124.87498,1.73376923076923
"768",802,0,43.0648,-124.87498,2.37536363636364
"769",803,491,43.064,-124.9072133,1.03
"770",804,491,43.064,-124.9072133,1.011875
"771",805,300,43.064,-124.9072133,6.45763636363636
"772",806,300,43.064,-124.9072133,7.588
"773",807,150,43.064,-124.9072133,2.09466666666667
"774",808,150,43.064,-124.9072133,5.10263636363636
"775",809,100,43.064,-124.9072133,3.3729
"776",810,100,43.064,-124.9072133,15.107
"777",811,50,43.064,-124.9072133,242.076
"778",812,50,43.064,-124.9072133,21.2593333333333
"779",813,0,43.064,-124.9072133,1.333625
"780",814,0,43.064,-124.9072133,1.10344444444444
"781",815,500,43.06363167,-125.0192883,0.771555555555556
"782",816,500,43.06363167,-125.0192883,0.4605
"783",817,300,43.06363167,-125.0192883,12.41
"784",818,300,43.06363167,-125.0192883,9.24433333333333
"785",819,150,43.06363167,-125.0192883,7.74066666666667
"786",821,100,43.06363167,-125.0192883,0.481
"787",822,100,43.06363167,-125.0192883,0.577
"788",823,50,43.06363167,-125.0192883,1.02566666666667
"789",825,0,43.06363167,-125.0192883,1.32133333333333
"790",826,0,43.06363167,-125.0192883,1.03954545454545
"791",827,500,43.063785,-125.1312033,1.63133333333333
"792",828,500,43.063785,-125.1312033,0.931
"793",829,300,43.063785,-125.1312033,1.61066666666667
"794",830,300,43.063785,-125.1312033,2.10833333333333
"795",831,150,43.063785,-125.1312033,4.57433333333333
"796",832,150,43.063785,-125.1312033,0.828666666666667
"797",833,100,43.063785,-125.1312033,0.912666666666667
"798",834,100,43.063785,-125.1312033,0.418
"799",835,50,43.063785,-125.1312033,1.38966666666667
"800",836,50,43.063785,-125.1312033,25.9203333333333
"801",837,0,43.063785,-125.1312033,1.007
"802",838,0,43.063785,-125.1312033,0.292
"803",839,500,43.06521333,-125.248965,1.75966666666667
"804",840,500,43.06521333,-125.248965,1.156
"805",841,300,43.06521333,-125.248965,2.17666666666667
"806",842,300,43.06521333,-125.248965,2.908
"807",843,150,43.06521333,-125.248965,0.2965
"808",844,150,43.06521333,-125.248965,0.963
"809",845,100,43.06521333,-125.248965,1.61533333333333
"810",846,100,43.06521333,-125.248965,0.128
"811",847,50,43.06521333,-125.248965,0.47
"812",848,50,43.06521333,-125.248965,0.935333333333333
"813",849,0,43.06521333,-125.248965,0.136
"814",850,0,43.06521333,-125.248965,0.08875
"815",851,500,43.06469167,-125.2812817,0.524333333333333
"816",852,500,43.06469167,-125.2812817,1.067
"817",853,300,43.06469167,-125.2812817,3.28033333333333
"818",854,300,43.06469167,-125.2812817,2.50966666666667
"819",855,150,43.06469167,-125.2812817,0.002
"820",856,150,43.06469167,-125.2812817,0.6965
"821",857,100,43.06469167,-125.2812817,0.786
"822",858,100,43.06469167,-125.2812817,0.607
"823",859,50,43.06469167,-125.2812817,0.247
"824",860,50,43.06469167,-125.2812817,4.74
"825",861,0,43.06469167,-125.2812817,0.248
"826",864,500,43.39560333,-125.189065,4.884
"827",865,500,43.39560333,-125.189065,5.059
"828",866,300,43.39560333,-125.189065,9.67866666666667
"829",867,300,43.39560333,-125.189065,4.42566666666667
"830",868,150,43.39560333,-125.189065,3.145
"831",869,150,43.39560333,-125.189065,197.411
"832",870,100,43.39560333,-125.189065,70.5193333333333
"833",871,100,43.39560333,-125.189065,89.661
"834",872,50,43.39560333,-125.189065,703.353
"835",873,50,43.39560333,-125.189065,431.250666666667
"836",874,0,43.39560333,-125.189065,0.495666666666667
"837",875,0,43.39560333,-125.189065,21.778
"838",876,500,43.39409,-125.0918917,1.57466666666667
"839",877,500,43.39409,-125.0918917,3.363
"840",878,300,43.39409,-125.0918917,10.1083333333333
"841",879,300,43.39409,-125.0918917,4.562
"842",880,150,43.39409,-125.0918917,1.99466666666667
"843",881,150,43.39409,-125.0918917,39.8763333333333
"844",882,100,43.39409,-125.0918917,16.285
"845",883,100,43.39409,-125.0918917,89.5836666666667
"846",884,50,43.39409,-125.0918917,140.763666666667
"847",885,50,43.39409,-125.0918917,305.546333333333
"848",886,0,43.39409,-125.0918917,0.453333333333333
"849",888,500,43.39387667,-124.9731967,4.58533333333333
"850",889,500,43.39387667,-124.9731967,7.08633333333333
"851",890,300,43.39387667,-124.9731967,15.335
"852",891,300,43.39387667,-124.9731967,9.75866666666667
"853",892,150,43.39387667,-124.9731967,0.644666666666667
"854",893,150,43.39387667,-124.9731967,54.6083333333333
"855",894,100,43.39387667,-124.9731967,12.21
"856",895,100,43.39387667,-124.9731967,18.6433333333333
"857",896,50,43.39387667,-124.9731967,142.184
"858",897,50,43.39387667,-124.9731967,20.1093333333333
"859",898,0,43.39387667,-124.9731967,0.2816
"860",899,0,43.39387667,-124.9731967,0.4125
"861",900,500,43.39695667,-124.86218,2.08
"862",901,500,43.39695667,-124.86218,3.407
"863",902,300,43.39695667,-124.86218,41.2193333333333
"864",903,300,43.39695667,-124.86218,15.3296666666667
"865",904,150,43.39695667,-124.86218,4.20633333333333
"866",905,150,43.39695667,-124.86218,60.3466666666667
"867",906,100,43.39695667,-124.86218,0.388
"868",907,100,43.39695667,-124.86218,29.3076666666667
"869",908,50,43.39695667,-124.86218,417.734
"870",909,50,43.39695667,-124.86218,42.2733333333333
"871",910,0,43.39695667,-124.86218,0.839857142857143
"872",911,0,43.39695667,-124.86218,0.4432
"873",912,500,43.396895,-124.74811,11.116
"874",913,500,43.396895,-124.74811,6.638
"875",914,300,43.396895,-124.74811,17.244
"876",915,300,43.396895,-124.74811,21.985
"877",916,150,43.396895,-124.74811,57.3443333333333
"878",917,150,43.396895,-124.74811,58.3426666666667
"879",918,100,43.396895,-124.74811,0.57
"880",919,100,43.396895,-124.74811,3.76
"881",920,50,43.396895,-124.74811,3.07033333333333
"882",921,50,43.396895,-124.74811,3.21433333333333
"883",922,0,43.396895,-124.74811,0.068
"884",923,0,43.396895,-124.74811,2.229
"885",924,248,43.39629167,-124.6735467,207.442
"886",925,248,43.39629167,-124.6735467,28.3486666666667
"887",926,150,43.39629167,-124.6735467,45.0203333333333
"888",927,150,43.39629167,-124.6735467,48.898
"889",928,100,43.39629167,-124.6735467,7.411
"890",929,100,43.39629167,-124.6735467,31.4586666666667
"891",930,50,43.39629167,-124.6735467,17.5886666666667
"892",931,50,43.39629167,-124.6735467,1.553
"893",932,0,43.39629167,-124.6735467,0.3595
"894",934,136,43.39611833,-124.5924817,1.73658333333333
"895",935,136,43.39611833,-124.5924817,13.4696666666667
"896",936,100,43.39611833,-124.5924817,9.882
"897",937,100,43.39611833,-124.5924817,3.0835
"898",938,50,43.39611833,-124.5924817,1.49166666666667
"899",939,50,43.39611833,-124.5924817,2.11066666666667
"900",940,0,43.39611833,-124.5924817,0.428
"901",941,0,43.39611833,-124.5924817,0.3144
"902",942,40,43.39698167,-124.38632,0.86
"903",943,40,43.39698167,-124.38632,1.27633333333333
"904",944,25,43.39698167,-124.38632,0.299
"905",945,25,43.39698167,-124.38632,0.318
"906",946,0,43.39698167,-124.38632,0.2065
"907",947,0,43.39698167,-124.38632,0.658
"908",949,50,43.89625167,-124.2162717,3.12166666666667
"909",950,50,43.89625167,-124.2162717,22.074
"910",951,25,43.89625167,-124.2162717,10.572
"911",952,25,43.89625167,-124.2162717,389.468333333333
"912",953,0,43.89625167,-124.2162717,0.140428571428571
"913",954,0,43.89625167,-124.2162717,0.3868
"914",956,150,43.89705667,-124.5599183,56.5563333333333
"915",957,150,43.89705667,-124.5599183,41.368
"916",958,100,43.89705667,-124.5599183,9.50466666666667
"917",959,100,43.89705667,-124.5599183,8.493
"918",960,50,43.89705667,-124.5599183,8.22966666666667
"919",961,50,43.89705667,-124.5599183,4.68933333333333
"920",962,0,43.89705667,-124.5599183,0.331777777777778
"921",963,0,43.89705667,-124.5599183,0.377
"922",964,500,43.89658667,-125.002045,2.46133333333333
"923",965,500,43.89658667,-125.002045,15.5823333333333
"924",966,300,43.89658667,-125.002045,19.944
"925",967,300,43.89658667,-125.002045,12.9066666666667
"926",968,150,43.89658667,-125.002045,1.84766666666667
"927",969,150,43.89658667,-125.002045,7.98933333333333
"928",970,100,43.89658667,-125.002045,0.916666666666667
"929",971,100,43.89658667,-125.002045,2.37233333333333
"930",972,50,43.89658667,-125.002045,8.214
"931",973,50,43.89658667,-125.002045,2.20433333333333
"932",974,0,43.89658667,-125.002045,0.4527
"933",975,0,43.89658667,-125.002045,0.46725
"934",977,500,44.23039833,-125.1583233,9.77333333333333
"935",978,500,44.23039833,-125.1583233,4.992
"936",979,300,44.23039833,-125.1583233,10.123
"937",980,300,44.23039833,-125.1583233,1.40533333333333
"938",981,150,44.23039833,-125.1583233,8.567
"939",982,150,44.23039833,-125.1583233,54.7496666666667
"940",983,100,44.23039833,-125.1583233,15.2556666666667
"941",984,100,44.23039833,-125.1583233,102.332
"942",985,50,44.23039833,-125.1583233,64.186
"943",986,50,44.23039833,-125.1583233,81.061
"944",987,0,44.23039833,-125.1583233,1.3654
"945",988,0,44.23039833,-125.1583233,13.1288333333333
"946",989,100,44.22894667,-124.8861783,11.983
"947",990,100,44.22894667,-124.8861783,24.1693333333333
"948",991,50,44.22894667,-124.8861783,14.5423333333333
"949",992,50,44.22894667,-124.8861783,12.3873333333333
"950",993,0,44.22894667,-124.8861783,25.16975
"951",994,0,44.22894667,-124.8861783,28.5780833333333
"952",995,86,44.23054833,-124.5392983,5.41833333333333
"953",996,86,44.23054833,-124.5392983,6.40733333333333
"954",997,50,44.23054833,-124.5392983,0.79
"955",998,50,44.23054833,-124.5392983,2.96866666666667
"956",999,0,44.23054833,-124.5392983,5.27633333333333
"957",1000,0,44.23054833,-124.5392983,0.7815
"958",1001,60,44.23212833,-124.247595,4.739
"959",1002,60,44.23212833,-124.247595,1.10409090909091
"960",1003,50,44.23212833,-124.247595,3.456
"961",1004,50,44.23212833,-124.247595,2.784
"962",1005,25,44.23212833,-124.247595,3.32133333333333
"963",1006,25,44.23212833,-124.247595,1.47366666666667
"964",1007,0,44.23212833,-124.247595,0.249
"965",1008,0,44.23212833,-124.247595,0.374833333333333
"966",1010,135,44.39556,-124.7442183,104.656666666667
"967",1011,135,44.39556,-124.7442183,278.986333333333
"968",1012,100,44.39556,-124.7442183,118.391
"969",1013,100,44.39556,-124.7442183,28.1536666666667
"970",1014,50,44.39556,-124.7442183,116.937
"971",1015,50,44.39556,-124.7442183,51.0706666666667
"972",1016,0,44.39556,-124.7442183,9.96522222222222
"973",1017,0,44.39556,-124.7442183,34.7521111111111
"974",1018,300,44.39677,-124.8155333,357.306666666667
"975",1019,300,44.39677,-124.8155333,444.083666666667
"976",1020,150,44.39677,-124.8155333,15.0436666666667
"977",1021,150,44.39677,-124.8155333,17.4903333333333
"978",1022,100,44.39677,-124.8155333,161.056666666667
"979",1023,100,44.39677,-124.8155333,3.17733333333333
"980",1024,50,44.39677,-124.8155333,65.875
"981",1025,50,44.39677,-124.8155333,162.505333333333
"982",1026,0,44.39677,-124.8155333,4.16188888888889
"983",1027,0,44.39677,-124.8155333,19.5835
"984",1028,490,44.39521667,-124.8781483,16.3306666666667
"985",1029,490,44.39521667,-124.8781483,73.471
"986",1030,300,44.39521667,-124.8781483,26.522
"987",1031,300,44.39521667,-124.8781483,11.854
"988",1032,150,44.39521667,-124.8781483,25.401
"989",1033,150,44.39521667,-124.8781483,3.00666666666667
"990",1034,100,44.39521667,-124.8781483,2.729
"991",1035,100,44.39521667,-124.8781483,2.63533333333333
"992",1036,50,44.39521667,-124.8781483,21.4886666666667
"993",1037,50,44.39521667,-124.8781483,1.713
"994",1038,0,44.39521667,-124.8781483,9.68954545454545
"995",1039,0,44.39521667,-124.8781483,5.904
"996",1040,500,44.396,-124.9914967,5.59966666666667
"997",1041,500,44.396,-124.9914967,8.71366666666667
"998",1042,300,44.396,-124.9914967,16.6476666666667
"999",1043,300,44.396,-124.9914967,10.2116666666667
"1000",1044,150,44.396,-124.9914967,2.324
"1001",1045,150,44.396,-124.9914967,16.9773333333333
"1002",1046,100,44.396,-124.9914967,1.036
"1003",1047,100,44.396,-124.9914967,2.85666666666667
"1004",1048,50,44.396,-124.9914967,4.53
"1005",1049,50,44.396,-124.9914967,2.97666666666667
"1006",1050,0,44.396,-124.9914967,0.032
"1007",1051,0,44.396,-124.9914967,5.64263636363636
"1008",1052,500,44.396315,-125.10797,2.339
"1009",1053,500,44.396315,-125.10797,0.946333333333333
"1010",1054,300,44.396315,-125.10797,5.89233333333333
"1011",1055,300,44.396315,-125.10797,6.491
"1012",1056,150,44.396315,-125.10797,1.33466666666667
"1013",1057,150,44.396315,-125.10797,0.975
"1014",1058,100,44.396315,-125.10797,0.411333333333333
"1015",1059,100,44.396315,-125.10797,0.2915
"1016",1061,50,44.396315,-125.10797,2.36766666666667
"1017",1062,0,44.396315,-125.10797,0.117
"1018",1063,0,44.396315,-125.10797,0.115
"1019",1064,500,44.39741333,-125.2366517,2.49233333333333
"1020",1065,500,44.39741333,-125.2366517,0.589
"1021",1067,300,44.39741333,-125.2366517,0.528666666666667
"1022",1073,50,44.39741333,-125.2366517,0.790333333333333
"1023",1077,500,45.06342667,-125.1028033,0.935666666666667
"1024",1078,500,45.06342667,-125.1028033,40.1453333333333
"1025",1079,300,45.06342667,-125.1028033,1.56466666666667
"1026",1080,300,45.06342667,-125.1028033,3.488
"1027",1081,150,45.06342667,-125.1028033,0.832666666666667
"1028",1082,150,45.06342667,-125.1028033,1.235
"1029",1083,100,45.06342667,-125.1028033,1.037
"1030",1084,100,45.06342667,-125.1028033,7.28066666666667
"1031",1085,50,45.06342667,-125.1028033,9.22966666666667
"1032",1086,50,45.06342667,-125.1028033,3.07066666666667
"1033",1087,0,45.06342667,-125.1028033,0.130666666666667
"1034",1088,0,45.06342667,-125.1028033,0.465
"1035",1089,490,45.06441333,-124.750125,2.017
"1036",1090,490,45.06441333,-124.750125,4.08633333333333
"1037",1091,300,45.06441333,-124.750125,2.371
"1038",1092,300,45.06441333,-124.750125,0.717666666666667
"1039",1093,150,45.06441333,-124.750125,1.91333333333333
"1040",1094,150,45.06441333,-124.750125,0.861
"1041",1095,100,45.06441333,-124.750125,0.432
"1042",1096,100,45.06441333,-124.750125,1.228
"1043",1097,50,45.06441333,-124.750125,0.003
"1044",1098,50,45.06441333,-124.750125,0.0383333333333333
"1045",1099,0,45.06441333,-124.750125,0.2875
"1046",1100,0,45.06441333,-124.750125,0.119666666666667
"1047",1101,285,45.06386833,-124.4102067,5.68233333333333
"1048",1102,285,45.06386833,-124.4102067,4.493
"1049",1103,150,45.06386833,-124.4102067,1.60233333333333
"1050",1104,150,45.06386833,-124.4102067,0.565
"1051",1105,100,45.06386833,-124.4102067,0.4015
"1052",1106,100,45.06386833,-124.4102067,1.21
"1053",1107,50,45.06386833,-124.4102067,1.4735
"1054",1108,50,45.06386833,-124.4102067,0.767
"1055",1109,0,45.06386833,-124.4102067,0.401
"1056",1110,0,45.06386833,-124.4102067,3.894
"1057",1111,134,45.06319167,-124.2244217,61.3983333333333
"1058",1112,134,45.06319167,-124.2244217,124.415333333333
"1059",1113,100,45.06319167,-124.2244217,3.77366666666667
"1060",1114,100,45.06319167,-124.2244217,10.6826666666667
"1061",1115,50,45.06319167,-124.2244217,3.24166666666667
"1062",1116,50,45.06319167,-124.2244217,3.05266666666667
"1063",1117,0,45.06319167,-124.2244217,6.34416666666667
"1064",1118,0,45.06319167,-124.2244217,1.7692
"1065",1119,40,45.06396333,-124.05665,1.369
"1066",1120,40,45.06396333,-124.05665,1.326
"1067",1121,25,45.06396333,-124.05665,0.482
"1068",1122,25,45.06396333,-124.05665,0.649666666666667
"1069",1123,0,45.06396333,-124.05665,5.61833333333333
"1070",1124,0,45.06396333,-124.05665,0.320444444444444
"1071",1125,44,45.23011333,-124.0285217,0.727
"1072",1126,44,45.23011333,-124.0285217,0.417
"1073",1128,25,45.23011333,-124.0285217,0.325
"1074",1129,0,45.23011333,-124.0285217,8.35033333333333
"1075",1130,0,45.23011333,-124.0285217,5.484
"1076",1132,300,45.23051167,-124.3822383,33.3566666666667
"1077",1133,300,45.23051167,-124.3822383,2.15533333333333
"1078",1134,150,45.23051167,-124.3822383,2.57166666666667
"1079",1135,150,45.23051167,-124.3822383,4.18466666666667
"1080",1136,100,45.23051167,-124.3822383,0.327333333333333
"1081",1137,100,45.23051167,-124.3822383,12.613
"1082",1138,50,45.23051167,-124.3822383,8.396
"1083",1139,50,45.23051167,-124.3822383,0.913111111111111
"1084",1140,0,45.23051167,-124.3822383,0.796
"1085",1141,0,45.23051167,-124.3822383,0.617666666666667
"1086",1143,500,45.23015167,-124.7401983,3.181
"1087",1144,500,45.23015167,-124.7401983,2.064
"1088",1145,300,45.23015167,-124.7401983,0.3505
"1089",1146,300,45.23015167,-124.7401983,0.396333333333333
"1090",1147,150,45.23015167,-124.7401983,0.285
"1091",1148,150,45.23015167,-124.7401983,0.403
"1092",1149,100,45.23015167,-124.7401983,0.556
"1093",1150,100,45.23015167,-124.7401983,0.584666666666667
"1094",1151,50,45.23015167,-124.7401983,0.32925
"1095",1152,50,45.23015167,-124.7401983,0.321
"1096",1153,0,45.23015167,-124.7401983,0.440857142857143
"1097",1154,0,45.23015167,-124.7401983,0.2045
"1098",1155,500,45.229345,-124.9035417,0.925
"1099",1156,500,45.229345,-124.9035417,0.609666666666667
"1100",1157,300,45.229345,-124.9035417,0.9895
"1101",1158,300,45.229345,-124.9035417,0.649
"1102",1160,150,45.229345,-124.9035417,0.634
"1103",1162,100,45.229345,-124.9035417,1.067
"1104",1165,0,45.229345,-124.9035417,0.376
"1105",1166,0,45.229345,-124.9035417,0.187333333333333
"1106",1167,500,45.23019167,-125.0626567,0.710666666666667
"1107",1168,500,45.23019167,-125.0626567,0.902666666666667
"1108",1169,300,45.23019167,-125.0626567,0.872
"1109",1170,300,45.23019167,-125.0626567,0.317
"1110",1175,50,45.23019167,-125.0626567,0.104
"1111",1176,50,45.23019167,-125.0626567,0.12
"1112",1178,0,45.23019167,-125.0626567,0.184
"1113",1180,500,45.06153167,-124.97965,0.303
"1114",1181,300,45.06153167,-124.97965,0.381
"1115",1182,300,45.06153167,-124.97965,0.614
"1116",1183,150,45.06153167,-124.97965,0.8765
"1117",1184,150,45.06153167,-124.97965,0.746
"1118",1187,50,45.06153167,-124.97965,0.285333333333333
"1119",1188,50,45.06153167,-124.97965,0.083
"1120",1190,0,45.06153167,-124.97965,0.5245
"1121",1191,500,45.063045,-124.8618883,0.558
"1122",1192,500,45.063045,-124.8618883,1.874
"1123",1193,300,45.063045,-124.8618883,1.03066666666667
"1124",1194,300,45.063045,-124.8618883,0.607
"1125",1196,150,45.063045,-124.8618883,0.1765
"1126",1199,50,45.063045,-124.8618883,0.075
"1127",1200,50,45.063045,-124.8618883,0.3015
"1128",1201,0,45.063045,-124.8618883,0.0625
"1129",1202,0,45.063045,-124.8618883,0.18975
"1130",1205,45,45.39631833,-124.0406283,55.714
"1131",1206,45,45.39631833,-124.0406283,1.55066666666667
"1132",1207,25,45.39631833,-124.0406283,36.3536666666667
"1133",1208,25,45.39631833,-124.0406283,22.301
"1134",1209,0,45.39631833,-124.0406283,0.79625
"1135",1210,0,45.39631833,-124.0406283,0.8573
"1136",1211,140,45.39731667,-124.21765,29.163
"1137",1212,140,45.39731667,-124.21765,18.2603333333333
"1138",1213,100,45.39731667,-124.21765,23.5113333333333
"1139",1214,100,45.39731667,-124.21765,4.756
"1140",1215,50,45.39731667,-124.21765,43.4556666666667
"1141",1216,50,45.39731667,-124.21765,33.2633333333333
"1142",1217,0,45.39731667,-124.21765,16.362
"1143",1218,0,45.39731667,-124.21765,0.872625
"1144",1219,291,45.39612167,-124.4226133,10.4223333333333
"1145",1220,291,45.39612167,-124.4226133,37.529
"1146",1221,150,45.39612167,-124.4226133,8.22033333333333
"1147",1222,150,45.39612167,-124.4226133,3.44133333333333
"1148",1223,100,45.39612167,-124.4226133,3.20966666666667
"1149",1224,100,45.39612167,-124.4226133,19.4806666666667
"1150",1225,50,45.39612167,-124.4226133,1.2125
"1151",1226,50,45.39612167,-124.4226133,1.4675
"1152",1227,0,45.39612167,-124.4226133,35.9826666666667
"1153",1228,0,45.39612167,-124.4226133,1.48861538461538
"1154",1229,485,45.39651833,-124.70627,5.377
"1155",1230,485,45.39651833,-124.70627,2.639
"1156",1231,300,45.39651833,-124.70627,1.1065
"1157",1232,300,45.39651833,-124.70627,2.51566666666667
"1158",1233,150,45.39651833,-124.70627,1.058
"1159",1235,100,45.39651833,-124.70627,0.274
"1160",1236,100,45.39651833,-124.70627,0.294
"1161",1239,0,45.39651833,-124.70627,0.221666666666667
"1162",1240,0,45.39651833,-124.70627,0.996666666666667
"1163",1241,500,45.39821167,-124.8227467,2.53766666666667
"1164",1242,500,45.39821167,-124.8227467,0.878666666666667
"1165",1243,300,45.39821167,-124.8227467,0.3265
"1166",1244,300,45.39821167,-124.8227467,64.421
"1167",1245,150,45.39821167,-124.8227467,2.11166666666667
"1168",1246,150,45.39821167,-124.8227467,2.069
"1169",1247,100,45.39821167,-124.8227467,2.65266666666667
"1170",1248,100,45.39821167,-124.8227467,0.784
"1171",1249,50,45.39821167,-124.8227467,0.003
"1172",1250,50,45.39821167,-124.8227467,0.1885
"1173",1251,0,45.39821167,-124.8227467,0.8465
"1174",1252,0,45.39821167,-124.8227467,1.17477777777778
"1175",1253,500,45.39852333,-124.9396417,0.455
"1176",1256,300,45.39852333,-124.9396417,0.517
"1177",1258,150,45.39852333,-124.9396417,0.217
"1178",1259,100,45.39852333,-124.9396417,1.99733333333333
"1179",1260,100,45.39852333,-124.9396417,0.561333333333333
"1180",1261,50,45.39852333,-124.9396417,0.063
"1181",1262,50,45.39852333,-124.9396417,0.085
"1182",1265,500,45.398275,-125.0283033,0.591
"1183",1266,500,45.398275,-125.0283033,0.534
"1184",1267,300,45.398275,-125.0283033,0.269
"1185",1268,300,45.398275,-125.0283033,0.932
"1186",1270,150,45.398275,-125.0283033,0.5505
"1187",1271,100,45.398275,-125.0283033,0.3955
"1188",1272,100,45.398275,-125.0283033,0.713
"1189",1279,0,45.73054833,-124.9361617,2.27318181818182
"1190",1280,0,45.73054833,-124.9361617,1.89114285714286
"1191",1281,500,45.73054833,-124.9361617,7.64133333333333
"1192",1282,500,45.73054833,-124.9361617,8.25866666666667
"1193",1283,300,45.73054833,-124.9361617,32.0793333333333
"1194",1284,300,45.73054833,-124.9361617,3.47566666666667
"1195",1285,150,45.73054833,-124.9361617,9.77966666666667
"1196",1286,150,45.73054833,-124.9361617,2.911
"1197",1287,100,45.73054833,-124.9361617,0.676333333333333
"1198",1288,100,45.73054833,-124.9361617,33.2156666666667
"1199",1289,50,45.73054833,-124.9361617,1.84566666666667
"1200",1290,50,45.73054833,-124.9361617,0.16
"1201",1291,500,45.73098833,-124.896025,106.597
"1202",1292,500,45.73098833,-124.896025,12.3546666666667
"1203",1293,300,45.73098833,-124.896025,18.006
"1204",1294,300,45.73098833,-124.896025,0.881
"1205",1295,150,45.73098833,-124.896025,5.33
"1206",1296,150,45.73098833,-124.896025,1.58233333333333
"1207",1297,100,45.73098833,-124.896025,1.936
"1208",1298,100,45.73098833,-124.896025,1354.38333333333
"1209",1299,50,45.73098833,-124.896025,0.644363636363636
"1210",1300,50,45.73098833,-124.896025,1.75566666666667
"1211",1301,0,45.73098833,-124.896025,11.2714444444444
"1212",1302,0,45.73098833,-124.896025,21.9257777777778
"1213",1303,500,45.73155833,-124.7744767,12.602
"1214",1304,500,45.73155833,-124.7744767,6.12733333333333
"1215",1305,300,45.73155833,-124.7744767,4.80933333333333
"1216",1306,300,45.73155833,-124.7744767,19.577
"1217",1307,150,45.73155833,-124.7744767,2.925
"1218",1308,100,45.73155833,-124.7744767,14.5296666666667
"1219",1309,100,45.73155833,-124.7744767,0.66
"1220",1310,50,45.73155833,-124.7744767,0.817
"1221",1311,50,45.73155833,-124.7744767,0.561666666666667
"1222",1312,0,45.73155833,-124.7744767,2.74333333333333
"1223",1313,0,45.73155833,-124.7744767,1.42388888888889
"1224",1314,0,45.73175,-124.3750117,1.269125
"1225",1315,0,45.73175,-124.3750117,0.3816
"1226",1316,150,45.73175,-124.3750117,3.53566666666667
"1227",1317,150,45.73175,-124.3750117,5.31366666666667
"1228",1318,100,45.73175,-124.3750117,13.4483333333333
"1229",1319,100,45.73175,-124.3750117,9.57733333333333
"1230",1320,50,45.73175,-124.3750117,4.654
"1231",1321,50,45.73175,-124.3750117,8.401
"1232",1322,0,45.73040333,-124.0066933,0.914
"1233",1323,0,45.73040333,-124.0066933,0.4092
"1234",1324,38,45.73040333,-124.0066933,21.714
"1235",1325,38,45.73040333,-124.0066933,9.984
"1236",1326,25,45.73040333,-124.0066933,273.430666666667
"1237",1327,25,45.73040333,-124.0066933,1.45333333333333
"1238",1328,3,45.73040333,-124.0066933,0.752666666666667
"1239",1329,3,45.73040333,-124.0066933,0.866333333333333
"1240",1330,0,46.06301167,-125.0776883,1.8126
"1241",1331,0,46.06301167,-125.0776883,8.7845
"1242",1332,500,46.06301167,-125.0776883,25.4253333333333
"1243",1333,500,46.06301167,-125.0776883,2.49533333333333
"1244",1334,300,46.06301167,-125.0776883,12.767
"1245",1335,300,46.06301167,-125.0776883,24.3046666666667
"1246",1336,150,46.06301167,-125.0776883,13.966
"1247",1337,150,46.06301167,-125.0776883,2.19433333333333
"1248",1338,100,46.06301167,-125.0776883,1.712
"1249",1339,100,46.06301167,-125.0776883,6.802
"1250",1340,50,46.06301167,-125.0776883,0.875333333333333
"1251",1341,50,46.06301167,-125.0776883,5.69866666666667
"1252",1343,0,46.06389833,-124.9583783,16.77025
"1253",1344,0,46.06389833,-124.9583783,5.081
"1254",1345,500,46.06389833,-124.9583783,6.712
"1255",1346,500,46.06389833,-124.9583783,1.954
"1256",1347,300,46.06389833,-124.9583783,2.36033333333333
"1257",1348,300,46.06389833,-124.9583783,3.23566666666667
"1258",1349,150,46.06389833,-124.9583783,1.2285
"1259",1350,150,46.06389833,-124.9583783,3.727
"1260",1351,100,46.06389833,-124.9583783,0.819
"1261",1352,100,46.06389833,-124.9583783,0.492
"1262",1353,50,46.06389833,-124.9583783,0.3824
"1263",1354,50,46.06389833,-124.9583783,1.97466666666667
"1264",1355,0,46.06427833,-124.84002,3.94388888888889
"1265",1356,0,46.06427833,-124.84002,11.1330909090909
"1266",1357,464,46.06427833,-124.84002,19.9713333333333
"1267",1358,464,46.06427833,-124.84002,3.78066666666667
"1268",1359,300,46.06427833,-124.84002,9.88666666666667
"1269",1360,300,46.06427833,-124.84002,5.183
"1270",1361,200,46.06427833,-124.84002,6.836
"1271",1362,200,46.06427833,-124.84002,3.58433333333333
"1272",1363,150,46.06427833,-124.84002,5.692
"1273",1364,150,46.06427833,-124.84002,4.153
"1274",1365,100,46.06427833,-124.84002,1.262
"1275",1366,100,46.06427833,-124.84002,2.36133333333333
"1276",1367,50,46.06427833,-124.84002,8.73233333333333
"1277",1368,50,46.06427833,-124.84002,7.71766666666667
"1278",1369,0,46.06373,-124.7150383,14.713
"1279",1370,0,46.06373,-124.7150383,1.74366666666667
"1280",1371,244,46.06373,-124.7150383,22.936
"1281",1372,244,46.06373,-124.7150383,69.4883333333333
"1282",1373,150,46.06373,-124.7150383,29.184
"1283",1374,150,46.06373,-124.7150383,21.0133333333333
"1284",1375,100,46.06373,-124.7150383,6.09166666666667
"1285",1376,100,46.06373,-124.7150383,2.68933333333333
"1286",1377,50,46.06373,-124.7150383,1.404
"1287",1378,50,46.06373,-124.7150383,58.7353333333333
"1288",1379,0,46.06318167,-124.59208,0.24
"1289",1380,0,46.06318167,-124.59208,0.831454545454545
"1290",1381,148,46.06318167,-124.59208,13.3876666666667
"1291",1382,148,46.06318167,-124.59208,44.971
"1292",1383,100,46.06318167,-124.59208,6.888
"1293",1384,100,46.06318167,-124.59208,2.648
"1294",1385,50,46.06318167,-124.59208,13.1566666666667
"1295",1386,50,46.06318167,-124.59208,2.129
"1296",1388,0,46.06385333,-124.06542,56.1102222222222
"1297",1389,0,46.06385333,-124.06542,13.9166666666667
"1298",1390,42,46.06385333,-124.06542,34.7056666666667
"1299",1391,42,46.06385333,-124.06542,7.77566666666667
"1300",1392,25,46.06385333,-124.06542,115.978666666667
"1301",1393,25,46.06385333,-124.06542,22.5206666666667
"1302",1395,0,46.39774333,-124.2423267,36.0942222222222
"1303",1396,0,46.39774333,-124.2423267,6.41866666666667
"1304",1397,48,46.39774333,-124.2423267,4.62266666666667
"1305",1398,48,46.39774333,-124.2423267,7.59433333333333
"1306",1399,25,46.39774333,-124.2423267,28.9386666666667
"1307",1400,25,46.39774333,-124.2423267,9.42433333333333
"1308",1401,3,46.39774333,-124.2423267,10.6186
"1309",1402,3,46.39774333,-124.2423267,11.9025
"1310",1403,0,46.39347,-124.5515067,3.09991666666667
"1311",1404,0,46.39347,-124.5515067,0.414428571428571
"1312",1405,140,46.39347,-124.5515067,49.8296666666667
"1313",1406,140,46.39347,-124.5515067,16.8206666666667
"1314",1407,100,46.39347,-124.5515067,29.7276666666667
"1315",1408,100,46.39347,-124.5515067,12.4256666666667
"1316",1409,50,46.39347,-124.5515067,14.1343333333333
"1317",1410,50,46.39347,-124.5515067,6.28033333333333
"1318",1411,0,46.395065,-124.5975783,0.947166666666667
"1319",1412,0,46.395065,-124.5975783,1.55625
"1320",1413,450,46.395065,-124.5975783,4.80633333333333
"1321",1414,450,46.395065,-124.5975783,4.05433333333333
"1322",1415,300,46.395065,-124.5975783,24.6953333333333
"1323",1416,300,46.395065,-124.5975783,28.8776666666667
"1324",1417,150,46.395065,-124.5975783,2.962
"1325",1418,150,46.395065,-124.5975783,0.732
"1326",1419,100,46.395065,-124.5975783,335.905
"1327",1420,100,46.395065,-124.5975783,1.73033333333333
"1328",1421,50,46.395065,-124.5975783,8.33733333333333
"1329",1422,50,46.395065,-124.5975783,46.6613333333333
"1330",1423,0,46.39761,-124.7151167,0.747
"1331",1424,0,46.39761,-124.7151167,0.441333333333333
"1332",1425,500,46.39761,-124.7151167,16.724
"1333",1426,500,46.39761,-124.7151167,2.18066666666667
"1334",1427,300,46.39761,-124.7151167,3.45833333333333
"1335",1428,300,46.39761,-124.7151167,5.01266666666667
"1336",1429,150,46.39761,-124.7151167,1.18633333333333
"1337",1430,150,46.39761,-124.7151167,1.23733333333333
"1338",1431,100,46.39761,-124.7151167,0.601
"1339",1432,100,46.39761,-124.7151167,1.551
"1340",1433,50,46.39761,-124.7151167,17.9753333333333
"1341",1434,50,46.39761,-124.7151167,1.24166666666667
"1342",1436,0,46.398595,-124.8364483,0.444666666666667
"1343",1437,500,46.398595,-124.8364483,2.44133333333333
"1344",1438,500,46.398595,-124.8364483,2.61266666666667
"1345",1439,300,46.398595,-124.8364483,19.5183333333333
"1346",1440,300,46.398595,-124.8364483,0.787
"1347",1441,150,46.398595,-124.8364483,1.993
"1348",1442,150,46.398595,-124.8364483,2.25866666666667
"1349",1443,100,46.398595,-124.8364483,1.593
"1350",1444,100,46.398595,-124.8364483,3.17466666666667
"1351",1445,50,46.398595,-124.8364483,3.204
"1352",1446,50,46.398595,-124.8364483,12.577
"1353",1447,0,46.39949833,-124.95556,12.1788333333333
"1354",1448,0,46.39949833,-124.95556,0.0713333333333333
"1355",1449,500,46.39949833,-124.95556,1.60733333333333
"1356",1450,500,46.39949833,-124.95556,23.1076666666667
"1357",1451,300,46.39949833,-124.95556,20.9226666666667
"1358",1452,300,46.39949833,-124.95556,6.25133333333333
"1359",1453,150,46.39949833,-124.95556,3.23033333333333
"1360",1454,150,46.39949833,-124.95556,1.52833333333333
"1361",1455,100,46.39949833,-124.95556,0.485
"1362",1456,100,46.39949833,-124.95556,0.4555
"1363",1457,50,46.39949833,-124.95556,0.561
"1364",1458,50,46.39949833,-124.95556,2.947
"1365",1460,0,46.73064167,-125.2485817,9.082
"1366",1461,0,46.73064167,-125.2485817,0.286166666666667
"1367",1462,500,46.73064167,-125.2485817,5.72366666666667
"1368",1463,500,46.73064167,-125.2485817,1.326
"1369",1464,300,46.73064167,-125.2485817,1.02466666666667
"1370",1465,300,46.73064167,-125.2485817,2.89933333333333
"1371",1466,150,46.73064167,-125.2485817,0.643333333333333
"1372",1467,150,46.73064167,-125.2485817,6.05266666666667
"1373",1468,100,46.73064167,-125.2485817,2.79233333333333
"1374",1469,100,46.73064167,-125.2485817,30.101
"1375",1470,50,46.73064167,-125.2485817,1.111
"1376",1472,0,46.73109667,-125.127575,23.8571111111111
"1377",1473,0,46.73109667,-125.127575,11.756
"1378",1474,500,46.73109667,-125.127575,2.036
"1379",1475,500,46.73109667,-125.127575,1.763
"1380",1476,300,46.73109667,-125.127575,68.8263333333333
"1381",1477,300,46.73109667,-125.127575,0.597
"1382",1478,150,46.73109667,-125.127575,0.771
"1383",1479,150,46.73109667,-125.127575,4.70266666666667
"1384",1480,100,46.73109667,-125.127575,2.63833333333333
"1385",1481,100,46.73109667,-125.127575,1.067
"1386",1482,50,46.73109667,-125.127575,3.28366666666667
"1387",1483,50,46.73109667,-125.127575,6.065
"1388",1485,0,46.73121333,-125.0062883,1.322875
"1389",1486,0,46.73121333,-125.0062883,2.141
"1390",1487,500,46.73121333,-125.0062883,2.129
"1391",1488,500,46.73121333,-125.0062883,2.48666666666667
"1392",1489,300,46.73121333,-125.0062883,0.903
"1393",1490,300,46.73121333,-125.0062883,1.3505
"1394",1491,150,46.73121333,-125.0062883,0.561
"1395",1492,150,46.73121333,-125.0062883,0.637
"1396",1493,100,46.73121333,-125.0062883,0.264
"1397",1494,100,46.73121333,-125.0062883,0.293666666666667
"1398",1495,50,46.73121333,-125.0062883,0.863
"1399",1496,50,46.73121333,-125.0062883,0.447333333333333
"1400",1497,0,46.72953,-124.8829967,1.02
"1401",1498,0,46.72953,-124.8829967,1.14255555555556
"1402",1499,500,46.72953,-124.8829967,7.56033333333333
"1403",1500,500,46.72953,-124.8829967,7.448
"1404",1501,300,46.72953,-124.8829967,4.76866666666667
"1405",1502,300,46.72953,-124.8829967,5.05233333333333
"1406",1503,150,46.72953,-124.8829967,0.4955
"1407",1504,150,46.72953,-124.8829967,0.5475
"1408",1505,100,46.72953,-124.8829967,39.4946666666667
"1409",1506,100,46.72953,-124.8829967,0.535
"1410",1507,50,46.72953,-124.8829967,4.198
"1411",1508,50,46.72953,-124.8829967,1.16066666666667
"1412",1509,0,46.73027167,-124.8444367,4.153
"1413",1510,0,46.73027167,-124.8444367,0.54025
"1414",1511,300,46.73027167,-124.8444367,5.406
"1415",1512,300,46.73027167,-124.8444367,10.1643333333333
"1416",1513,150,46.73027167,-124.8444367,1.226
"1417",1514,150,46.73027167,-124.8444367,2.525
"1418",1515,100,46.73027167,-124.8444367,1.90033333333333
"1419",1516,100,46.73027167,-124.8444367,2.32833333333333
"1420",1517,50,46.73027167,-124.8444367,1.57933333333333
"1421",1518,50,46.73027167,-124.8444367,0.456
"1422",1519,0,46.72985,-124.7129383,1.380125
"1423",1520,0,46.72985,-124.7129383,0.721428571428571
"1424",1521,150,46.72985,-124.7129383,0.858666666666667
"1425",1522,150,46.72985,-124.7129383,1.37466666666667
"1426",1523,100,46.72985,-124.7129383,0.906666666666667
"1427",1524,100,46.72985,-124.7129383,0.349
"1428",1525,50,46.72985,-124.7129383,1.413
"1429",1526,50,46.72985,-124.7129383,2.01666666666667
"1430",1528,0,46.73069833,-124.2712383,0.4736
"1431",1529,0,46.73069833,-124.2712383,0.898
"1432",1530,40,46.73069833,-124.2712383,4.32366666666667
"1433",1531,40,46.73069833,-124.2712383,0.582333333333333
"1434",1532,25,46.73069833,-124.2712383,6.071
"1435",1533,25,46.73069833,-124.2712383,1.95983333333333
"1436",1536,0,47.063255,-124.396465,0.725833333333333
"1437",1537,50,47.063255,-124.396465,0.902
"1438",1538,50,47.063255,-124.396465,0.399
"1439",1539,25,47.063255,-124.396465,1.68033333333333
"1440",1540,25,47.063255,-124.396465,3.26366666666667
"1441",1541,0,47.06391667,-124.8705967,1.83511111111111
"1442",1542,0,47.06391667,-124.8705967,6.36886666666667
"1443",1543,143,47.06391667,-124.8705967,6.4895
"1444",1544,143,47.06391667,-124.8705967,2.84933333333333
"1445",1545,100,47.06391667,-124.8705967,12.867
"1446",1546,100,47.06391667,-124.8705967,4.04233333333333
"1447",1547,50,47.06391667,-124.8705967,3.15633333333333
"1448",1548,50,47.06391667,-124.8705967,2.823
"1449",1549,0,47.06398,-124.9667317,2.49288888888889
"1450",1550,0,47.06398,-124.9667317,5.52788888888889
"1451",1551,500,47.06398,-124.9667317,8.267
"1452",1552,500,47.06398,-124.9667317,796.135
"1453",1553,300,47.06398,-124.9667317,4.135
"1454",1554,300,47.06398,-124.9667317,12.575
"1455",1555,150,47.06398,-124.9667317,2.77866666666667
"1456",1556,150,47.06398,-124.9667317,3.08033333333333
"1457",1557,100,47.06398,-124.9667317,3.29966666666667
"1458",1558,100,47.06398,-124.9667317,6.18866666666667
"1459",1559,50,47.06398,-124.9667317,11.7676666666667
"1460",1560,50,47.06398,-124.9667317,12.597
"1461",1561,0,47.06470333,-125.0875867,0.910333333333333
"1462",1562,0,47.06470333,-125.0875867,1.25428571428571
"1463",1563,500,47.06470333,-125.0875867,5.46533333333333
"1464",1564,500,47.06470333,-125.0875867,8.667
"1465",1565,300,47.06470333,-125.0875867,4.02133333333333
"1466",1566,300,47.06470333,-125.0875867,14.534
"1467",1567,150,47.06470333,-125.0875867,3.342
"1468",1568,150,47.06470333,-125.0875867,2.12233333333333
"1469",1569,100,47.06470333,-125.0875867,0.759333333333333
"1470",1570,100,47.06470333,-125.0875867,0.567
"1471",1571,50,47.06470333,-125.0875867,0.278333333333333
"1472",1572,50,47.06470333,-125.0875867,1.12433333333333
"1473",1573,0,47.06442,-125.2157667,15.5646666666667
"1474",1574,0,47.06442,-125.2157667,15.505
"1475",1575,500,47.06442,-125.2157667,1.549
"1476",1576,500,47.06442,-125.2157667,0.329
"1477",1577,300,47.06442,-125.2157667,0.958
"1478",1578,300,47.06442,-125.2157667,0.918
"1479",1579,150,47.06442,-125.2157667,0.958
"1480",1580,150,47.06442,-125.2157667,0.581
"1481",1581,100,47.06442,-125.2157667,0.273
"1482",1582,100,47.06442,-125.2157667,0.21
"1483",1583,50,47.06442,-125.2157667,1.44366666666667
"1484",1584,50,47.06442,-125.2157667,0.489
"1485",1585,0,47.39716667,-125.3096067,23.2456666666667
"1486",1586,0,47.39716667,-125.3096067,0.049
"1487",1588,500,47.39716667,-125.3096067,0.8535
"1488",1589,300,47.39716667,-125.3096067,0.902
"1489",1590,300,47.39716667,-125.3096067,0.227
"1490",1591,150,47.39716667,-125.3096067,1.004
"1491",1592,150,47.39716667,-125.3096067,1.0145
"1492",1593,100,47.39716667,-125.3096067,1.19266666666667
"1493",1594,100,47.39716667,-125.3096067,1.17266666666667
"1494",1595,50,47.39716667,-125.3096067,0.174
"1495",1596,50,47.39716667,-125.3096067,4.89833333333333
"1496",1597,0,47.39715333,-125.1886517,1.105
"1497",1598,0,47.39715333,-125.1886517,1.056
"1498",1599,500,47.39715333,-125.1886517,0.846666666666667
"1499",1600,500,47.39715333,-125.1886517,0.993333333333333
"1500",1603,150,47.39715333,-125.1886517,0.532333333333333
"1501",1604,150,47.39715333,-125.1886517,1.311
"1502",1606,100,47.39715333,-125.1886517,0.293
"1503",1607,50,47.39715333,-125.1886517,0.757
"1504",1608,50,47.39715333,-125.1886517,0.145333333333333
"1505",1611,0,47.39686,-125.065295,0.536666666666667
"1506",1612,0,47.39686,-125.065295,0.384
"1507",1613,500,47.39686,-125.065295,1.47466666666667
"1508",1614,500,47.39686,-125.065295,0.767333333333333
"1509",1615,300,47.39686,-125.065295,0.522
"1510",1616,300,47.39686,-125.065295,60.643
"1511",1617,150,47.39686,-125.065295,1.30533333333333
"1512",1618,150,47.39686,-125.065295,11.2876666666667
"1513",1620,100,47.39686,-125.065295,0.663
"1514",1621,50,47.39686,-125.065295,1.629
"1515",1622,50,47.39686,-125.065295,2916.83166666667
"1516",1623,0,47.39754333,-124.9416717,0.338666666666667
"1517",1624,0,47.39754333,-124.9416717,2.68033333333333
"1518",1625,500,47.39754333,-124.9416717,2.31266666666667
"1519",1626,500,47.39754333,-124.9416717,1.813
"1520",1627,300,47.39754333,-124.9416717,0.041
"1521",1628,300,47.39754333,-124.9416717,2.143
"1522",1629,150,47.39754333,-124.9416717,1.242
"1523",1630,150,47.39754333,-124.9416717,0.7825
"1524",1631,100,47.39754333,-124.9416717,0.672
"1525",1633,50,47.39754333,-124.9416717,0.754666666666667
"1526",1634,50,47.39754333,-124.9416717,6.858
"1527",1635,0,47.39600167,-124.821575,2.9
"1528",1636,0,47.39600167,-124.821575,1.456
"1529",1637,446,47.39600167,-124.821575,110.420333333333
"1530",1638,446,47.39600167,-124.821575,1.54966666666667
"1531",1639,300,47.39600167,-124.821575,1.73833333333333
"1532",1640,300,47.39600167,-124.821575,1.828
"1533",1641,150,47.39600167,-124.821575,10.79
"1534",1642,150,47.39600167,-124.821575,2.352
"1535",1643,100,47.39600167,-124.821575,1.0535
"1536",1644,100,47.39600167,-124.821575,1.15066666666667
"1537",1645,50,47.39600167,-124.821575,7.92366666666667
"1538",1646,50,47.39600167,-124.821575,1.672
"1539",1647,0,47.397645,-124.7738783,107.611
"1540",1648,0,47.397645,-124.7738783,244.379666666667
"1541",1649,135,47.397645,-124.7738783,2.214
"1542",1650,135,47.397645,-124.7738783,3.40333333333333
"1543",1651,100,47.397645,-124.7738783,9.871
"1544",1652,100,47.397645,-124.7738783,8.985
"1545",1653,50,47.397645,-124.7738783,1.71133333333333
"1546",1654,50,47.397645,-124.7738783,1.17
"1547",1655,0,47.39836167,-124.53967,0.6855
"1548",1656,0,47.39836167,-124.53967,0.579
"1549",1657,47,47.39836167,-124.53967,0.441
"1550",1658,47,47.39836167,-124.53967,0.186
"1551",1659,25,47.39836167,-124.53967,0.1075
"1552",1660,25,47.39836167,-124.53967,0.2295
"1553",1662,0,47.56339333,-124.6017267,0.678625
"1554",1663,0,47.56339333,-124.6017267,1.1395
"1555",1664,50,47.56339333,-124.6017267,0.187
"1556",1665,50,47.56339333,-124.6017267,2.41
"1557",1666,25,47.56339333,-124.6017267,0.405
"1558",1667,25,47.56339333,-124.6017267,1.28
"1559",1668,3,47.56339333,-124.6017267,2.23558333333333
"1560",1669,3,47.56339333,-124.6017267,0.3865
"1561",1670,0,47.56339,-124.9717983,1.25233333333333
"1562",1671,0,47.56339,-124.9717983,0.691
"1563",1672,174,47.56339,-124.9717983,15.7646666666667
"1564",1673,174,47.56339,-124.9717983,64.0656666666667
"1565",1674,150,47.56339,-124.9717983,62.1983333333333
"1566",1675,150,47.56339,-124.9717983,40.8686666666667
"1567",1676,100,47.56339,-124.9717983,4.38966666666667
"1568",1677,100,47.56339,-124.9717983,7.27766666666667
"1569",1679,50,47.56339,-124.9717983,2.88
"1570",1680,0,47.56287,-125.3432067,11.7003333333333
"1571",1681,0,47.56287,-125.3432067,0.296
"1572",1683,500,47.56287,-125.3432067,2.74833333333333
"1573",1684,300,47.56287,-125.3432067,0.637
"1574",1686,150,47.56287,-125.3432067,1.59833333333333
"1575",1687,150,47.56287,-125.3432067,0.558
"1576",1689,100,47.56287,-125.3432067,0.331
"1577",1690,50,47.56287,-125.3432067,4.03033333333333
"1578",1691,50,47.56287,-125.3432067,0.410666666666667
"1579",1694,0,47.230795,-124.907885,0.411333333333333
"1580",1695,0,47.230795,-124.907885,0.1
"1581",1696,500,47.230795,-124.907885,1.18733333333333
"1582",1697,500,47.230795,-124.907885,2.202
"1583",1698,300,47.230795,-124.907885,1.3685
"1584",1699,300,47.230795,-124.907885,3.669
"1585",1700,150,47.230795,-124.907885,6.217
"1586",1701,150,47.230795,-124.907885,11.9223333333333
"1587",1702,100,47.230795,-124.907885,5.20466666666667
"1588",1703,100,47.230795,-124.907885,19.2593333333333
"1589",1704,50,47.230795,-124.907885,1.646
"1590",1705,50,47.230795,-124.907885,1.111
"1591",1706,0,47.06359167,-124.96781,2.44866666666667
"1592",1707,0,47.06359167,-124.96781,0.285666666666667
"1593",1708,500,47.06359167,-124.96781,2.68166666666667
"1594",1709,500,47.06359167,-124.96781,1.6
"1595",1710,300,47.06359167,-124.96781,19.7423333333333
"1596",1711,300,47.06359167,-124.96781,3.278
"1597",1712,150,47.06359167,-124.96781,11.1483333333333
"1598",1713,150,47.06359167,-124.96781,15.55
"1599",1714,100,47.06359167,-124.96781,1.07833333333333
"1600",1715,100,47.06359167,-124.96781,1.58
"1601",1716,50,47.06359167,-124.96781,4.60933333333333
"1602",1719,0,47.72953333,-124.680385,1.442375
"1603",1720,0,47.72953333,-124.680385,1.430875
"1604",1721,48,47.72953333,-124.680385,0.658333333333333
"1605",1722,48,47.72953333,-124.680385,2.87433333333333
"1606",1723,25,47.72953333,-124.680385,0.424333333333333
"1607",1724,25,47.72953333,-124.680385,3.27672727272727
"1608",1725,3,47.72953333,-124.680385,7.889
"1609",1726,3,47.72953333,-124.680385,2.94666666666667
"1610",1727,0,47.730645,-125.023395,1.04133333333333
"1611",1728,0,47.730645,-125.023395,6.987
"1612",1729,145,47.730645,-125.023395,7.60266666666667
"1613",1730,145,47.730645,-125.023395,4.68866666666667
"1614",1731,100,47.730645,-125.023395,18.0036666666667
"1615",1732,100,47.730645,-125.023395,20.2133333333333
"1616",1733,50,47.730645,-125.023395,2.589
"1617",1734,50,47.730645,-125.023395,1.16366666666667
"1618",1735,0,47.73076667,-125.1019,0.6889
"1619",1736,0,47.73076667,-125.1019,2.67688888888889
"1620",1737,300,47.73076667,-125.1019,2.21866666666667
"1621",1738,300,47.73076667,-125.1019,4.27533333333333
"1622",1739,150,47.73076667,-125.1019,8.822
"1623",1740,150,47.73076667,-125.1019,1.5075
"1624",1741,100,47.73076667,-125.1019,2.17166666666667
"1625",1742,100,47.73076667,-125.1019,1.219
"1626",1743,50,47.73076667,-125.1019,1.717
"1627",1744,50,47.73076667,-125.1019,1.40033333333333
"1628",1745,0,47.73109333,-125.2471967,0.8813
"1629",1746,0,47.73109333,-125.2471967,0.391333333333333
"1630",1747,500,47.73109333,-125.2471967,0.441
"1631",1748,500,47.73109333,-125.2471967,0.334666666666667
"1632",1749,300,47.73109333,-125.2471967,1.69
"1633",1750,300,47.73109333,-125.2471967,0.407
"1634",1751,150,47.73109333,-125.2471967,0.372
"1635",1753,100,47.73109333,-125.2471967,1.2035
"1636",1754,100,47.73109333,-125.2471967,1.32266666666667
"1637",1755,50,47.73109333,-125.2471967,0.381
"1638",1756,50,47.73109333,-125.2471967,0.483333333333333
"1639",1757,0,47.7298175,-125.4913525,3.20966666666667
"1640",1758,0,47.7298175,-125.4913525,3.55866666666667
"1641",1760,500,47.7298175,-125.4913525,0.704
"1642",1763,150,47.7298175,-125.4913525,0.4175
"1643",1764,150,47.7298175,-125.4913525,0.205
"1644",1765,100,47.7298175,-125.4913525,0.597
"1645",1766,100,47.7298175,-125.4913525,0.283
"1646",1767,50,47.7298175,-125.4913525,47.218
"1647",1768,50,47.7298175,-125.4913525,3.69333333333333
"1648",1769,0,47.73233,-125.742555,0.664
"1649",1770,0,47.73233,-125.742555,0.477333333333333
"1650",1771,500,47.73233,-125.742555,1.23633333333333
"1651",1772,500,47.73233,-125.742555,0.488
"1652",1775,150,47.73233,-125.742555,0.62
"1653",1776,150,47.73233,-125.742555,3.743
"1654",1777,100,47.73233,-125.742555,0.523
"1655",1778,100,47.73233,-125.742555,26.923
"1656",1779,50,47.73233,-125.742555,0.815166666666667
"1657",1780,50,47.73233,-125.742555,1.108
"1658",1782,0,48.06341333,-125.9388133,17.3033333333333
"1659",1783,0,48.06341333,-125.9388133,209.424666666667
"1660",1784,500,48.06341333,-125.9388133,2.21066666666667
"1661",1785,500,48.06341333,-125.9388133,2.25466666666667
"1662",1786,300,48.06341333,-125.9388133,7.386
"1663",1787,300,48.06341333,-125.9388133,2.09833333333333
"1664",1788,150,48.06341333,-125.9388133,4.481
"1665",1789,150,48.06341333,-125.9388133,4.958
"1666",1791,100,48.06341333,-125.9388133,2.547
"1667",1792,50,48.06341333,-125.9388133,9.11
"1668",1793,50,48.06341333,-125.9388133,1.341
"1669",1794,0,48.06358167,-125.8120833,1.34066666666667
"1670",1795,0,48.06358167,-125.8120833,21.2663333333333
"1671",1796,500,48.06358167,-125.8120833,6.09733333333333
"1672",1798,300,48.06358167,-125.8120833,18.267
"1673",1799,300,48.06358167,-125.8120833,0.8235
"1674",1800,150,48.06358167,-125.8120833,5.64133333333333
"1675",1802,100,48.06358167,-125.8120833,0.896333333333333
"1676",1804,50,48.06358167,-125.8120833,0.916333333333333
"1677",1805,50,48.06358167,-125.8120833,0.355
"1678",1806,0,48.06278167,-125.6890883,11.671
"1679",1807,0,48.06278167,-125.6890883,80.76
"1680",1808,500,48.06278167,-125.6890883,19.684
"1681",1809,500,48.06278167,-125.6890883,2.05
"1682",1810,300,48.06278167,-125.6890883,54.138
"1683",1811,300,48.06278167,-125.6890883,27.4153333333333
"1684",1812,150,48.06278167,-125.6890883,8.25933333333333
"1685",1813,150,48.06278167,-125.6890883,7.18366666666667
"1686",1814,100,48.06278167,-125.6890883,2.49366666666667
"1687",1815,100,48.06278167,-125.6890883,0.4534
"1688",1816,50,48.06278167,-125.6890883,1.816
"1689",1817,50,48.06278167,-125.6890883,6.58266666666667
"1690",1818,0,48.06353167,-125.6078533,2.24966666666667
"1691",1819,0,48.06353167,-125.6078533,1.13633333333333
"1692",1820,300,48.06353167,-125.6078533,35.0913333333333
"1693",1821,300,48.06353167,-125.6078533,7.113
"1694",1822,150,48.06353167,-125.6078533,6.308
"1695",1823,150,48.06353167,-125.6078533,0.7245
"1696",1824,100,48.06353167,-125.6078533,13.1843333333333
"1697",1825,100,48.06353167,-125.6078533,0.76
"1698",1826,50,48.06353167,-125.6078533,6.018
"1699",1827,50,48.06353167,-125.6078533,17.528
"1700",1828,0,48.06433667,-125.510255,0.404
"1701",1829,0,48.06433667,-125.510255,0.5245
"1702",1830,150,48.06433667,-125.510255,3.486
"1703",1831,150,48.06433667,-125.510255,0.493
"1704",1832,100,48.06433667,-125.510255,3.81766666666667
"1705",1834,50,48.06433667,-125.510255,4.438
"1706",1836,0,48.064755,-125.3869283,1.52725
"1707",1837,0,48.064755,-125.3869283,0.7105
"1708",1838,100,48.064755,-125.3869283,1.86933333333333
"1709",1839,100,48.064755,-125.3869283,1.232
"1710",1840,50,48.064755,-125.3869283,9.29166666666667
"1711",1841,50,48.064755,-125.3869283,2.24033333333333
"1712",1843,0,48.39307167,-126.429775,0.8205
"1713",1844,0,48.39307167,-126.429775,2.217
"1714",1845,500,48.39307167,-126.429775,1.23933333333333
"1715",1847,300,48.39307167,-126.429775,0.998
"1716",1849,150,48.39307167,-126.429775,1.65933333333333
"1717",1850,150,48.39307167,-126.429775,3.46
"1718",1851,100,48.39307167,-126.429775,1.06466666666667
"1719",1852,100,48.39307167,-126.429775,1.50333333333333
"1720",1853,50,48.39307167,-126.429775,6.846
"1721",1854,50,48.39307167,-126.429775,2.57033333333333
"1722",1855,0,48.39468667,-126.3002267,2.47044444444444
"1723",1856,0,48.39468667,-126.3002267,5.23075
"1724",1857,500,48.39468667,-126.3002267,4.461
"1725",1858,500,48.39468667,-126.3002267,19.7233333333333
"1726",1859,300,48.39468667,-126.3002267,1.67733333333333
"1727",1860,300,48.39468667,-126.3002267,1.84533333333333
"1728",1861,150,48.39468667,-126.3002267,1.037
"1729",1862,150,48.39468667,-126.3002267,10.373
"1730",1863,100,48.39468667,-126.3002267,4.96
"1731",1864,100,48.39468667,-126.3002267,3.583
"1732",1865,50,48.39468667,-126.3002267,17.9026666666667
"1733",1866,50,48.39468667,-126.3002267,4.42066666666667
"1734",1867,0,48.39653,-126.241015,26.7875555555556
"1735",1868,0,48.39653,-126.241015,4.06588888888889
"1736",1869,500,48.39653,-126.241015,80.5113333333333
"1737",1870,500,48.39653,-126.241015,1.905
"1738",1871,300,48.39653,-126.241015,1.23333333333333
"1739",1872,300,48.39653,-126.241015,3.269
"1740",1873,150,48.39653,-126.241015,5.349
"1741",1874,150,48.39653,-126.241015,0.907333333333333
"1742",1875,100,48.39653,-126.241015,0.026
"1743",1876,100,48.39653,-126.241015,2.12733333333333
"1744",1877,50,48.39653,-126.241015,0.638
"1745",1878,50,48.39653,-126.241015,0.142
"1746",1879,0,48.39527833,-125.97962,0.622
"1747",1880,0,48.39527833,-125.97962,0.818333333333333
"1748",1881,300,48.39527833,-125.97962,9
"1749",1882,300,48.39527833,-125.97962,10.3613333333333
"1750",1883,150,48.39527833,-125.97962,6.32666666666667
"1751",1884,150,48.39527833,-125.97962,9.12633333333333
"1752",1885,100,48.39527833,-125.97962,0.691333333333333
"1753",1886,100,48.39527833,-125.97962,1.10066666666667
"1754",1887,50,48.39527833,-125.97962,8.80633333333333
"1755",1888,50,48.39527833,-125.97962,92.8743333333333
"1756",1890,100,48.39881333,-124.7782483,6.76866666666667
"1757",1891,100,48.39881333,-124.7782483,46.822
"1758",1892,50,48.39881333,-124.7782483,6.80466666666667
"1759",1893,50,48.39881333,-124.7782483,2.52366666666667
"1760",1894,150,48.39836833,-124.9558333,5.485
"1761",1895,150,48.39836833,-124.9558333,7.69633333333333
"1762",1896,100,48.39836833,-124.9558333,6.595
"1763",1897,100,48.39836833,-124.9558333,3.812
"1764",1898,50,48.39836833,-124.9558333,3.32033333333333
"1765",1899,50,48.39836833,-124.9558333,1.47966666666667
"1766",1900,150,48.39733333,-125.2029233,3.374
"1767",1901,150,48.39733333,-125.2029233,2.141
"1768",1902,100,48.39733333,-125.2029233,2.49566666666667
"1769",1903,100,48.39733333,-125.2029233,9.62433333333333
"1770",1904,50,48.39733333,-125.2029233,2.922
"1771",1905,50,48.39733333,-125.2029233,5.26233333333333
"1772",1906,100,48.39460833,-125.5780417,70.0693333333333
"1773",1907,100,48.39460833,-125.5780417,22.42
"1774",1908,50,48.39460833,-125.5780417,10.969
"1775",1909,50,48.39460833,-125.5780417,18.913
"1776",1913,120,48.39802833,-125.4731833,20.0852
"1777",1919,120,48.39802833,-125.4731833,18.7218333333333
"1778",1923,120,48.39802833,-125.4731833,31.6933333333333
"1779",1926,120,48.39802833,-125.4731833,23.1198333333333
