Sample_name,Label,Hash,nReads
MFU-52348-1446-d1-1_S50,MFU,340c5e630471147fb2b7353e3297de60475bf3b2,3
MFU-52348-1447-d1-1_S51,MFU,340c5e630471147fb2b7353e3297de60475bf3b2,3
MFU-52348-1446-d1-3_S62,MFU,340c5e630471147fb2b7353e3297de60475bf3b2,2
MFU-52348-1448-d10-1_S58,MFU,51f59bcc1bc0aed7a5e4e6fd854f6c8c687da0b3,2
MFU-mock-even-d1-2_S65,MFU,d3958c2683bfcc60fdfbf2b7c0626c0a888cd71e,2
MFU-mock-even-d1-2_S65,MFU,e128714cb6532caf696951c8bfafc486bb4fc65f,6
MFU-mock-even-d1-1_S64,MFU,8c809f31ba47cb763af8f107c98dbc223a74b669,4
MFU-mock-skewed-d1-1_S67,MFU,da2a47c1c028818ec4474ee23c93072a99eb00ed,3
MFU-mock-skewed-d1-2_S68,MFU,da2a47c1c028818ec4474ee23c93072a99eb00ed,6
MFU-mock-skewed-d1-3_S69,MFU,da2a47c1c028818ec4474ee23c93072a99eb00ed,9
MFU-mock-skewed-d1-2_S68,MFU,ab168a2b095aa3061b45e83fc8b9720609df0257,7
MFU-52472-007-d10-1_S75,MFU,ac877ce0b7c31d4700275e34f32213b021200d5a,158
MFU-mock-skewed-d1-2_S68,MFU,0a8cb459182cba241ed2100d93a04743514bcb7d,5
MFU-mock-skewed-d1-2_S68,MFU,77bb790e3f4c38d4730988f52ef69b6f8cae198e,7
MFU-mock-even-d1-1_S64,MFU,63473f90db74e7f04895e6f63eeb65e33811e82f,13
MFU-mock-skewed-d1-3_S69,MFU,63473f90db74e7f04895e6f63eeb65e33811e82f,8
MFU-mock-even-d1-3_S66,MFU,63473f90db74e7f04895e6f63eeb65e33811e82f,8
MFU-52348-1447-d1-1_S51,MFU,280360276932082814be1be133e24bacebc3dc74,92
MFU-mock-even-d1-3_S66,MFU,e7413ca3ccdd3646568659590d178978853f8e6b,2
MFU-mock-even-d1-2_S65,MFU,e7413ca3ccdd3646568659590d178978853f8e6b,6
MFU-mock-even-d1-3_S66,MFU,aa6ce908117326de02645020a33f408658c76d60,11023
MFU-mock-even-d1-2_S65,MFU,aa6ce908117326de02645020a33f408658c76d60,15635
MFU-mock-skewed-d1-2_S68,MFU,aa6ce908117326de02645020a33f408658c76d60,3396
MFU-mock-skewed-d1-1_S67,MFU,aa6ce908117326de02645020a33f408658c76d60,940
MFU-mock-even-d1-1_S64,MFU,aa6ce908117326de02645020a33f408658c76d60,16545
MFU-mock-skewed-d1-3_S69,MFU,aa6ce908117326de02645020a33f408658c76d60,2327
MFU-52348-1446-d1-1_S50,MFU,c32b2f8c42f1e3ab150f99ac748abf8f34168be6,124
MFU-52348-1446-d1-3_S62,MFU,02f2f95c968549e454f01dfcce31e1f8fbb06765,87
MFU-52348-1445-d1-2_S55,MFU,ddb4f59d54c6785cf6c5e1e62e7cfe45af55900f,96
MFU-52348-1446-d1-2_S56,MFU,ddb4f59d54c6785cf6c5e1e62e7cfe45af55900f,124
MFU-52348-1446-d1-1_S50,MFU,ddb4f59d54c6785cf6c5e1e62e7cfe45af55900f,151
MFU-52348-1446-d1-3_S62,MFU,ddb4f59d54c6785cf6c5e1e62e7cfe45af55900f,280
MFU-52348-1445-d1-3_S61,MFU,ddb4f59d54c6785cf6c5e1e62e7cfe45af55900f,83
MFU-52348-1445-d1-1_S49,MFU,9e1b9d326f9a6b9611b24b322c3b0dc76cde5b8b,110
MFU-52348-1445-d1-3_S61,MFU,9e1b9d326f9a6b9611b24b322c3b0dc76cde5b8b,137
MFU-52348-1445-d1-2_S55,MFU,9e1b9d326f9a6b9611b24b322c3b0dc76cde5b8b,135
MFU-52348-1450-d1-1_S54,MFU,4b8ebe8d0682aa518a1a96d150741e6ded710b73,225
MFU-52348-1448-d1-1_S52,MFU,4b8ebe8d0682aa518a1a96d150741e6ded710b73,543
MFU-52348-1449-d1-1_S53,MFU,4b8ebe8d0682aa518a1a96d150741e6ded710b73,288
MFU-52348-1447-d1-2_S57,MFU,7074a65b9a8a21b9d12136610c2fd2133e0e2cb0,120
MFU-52348-1445-d1-3_S61,MFU,4425b86c0477291635ac2d983dba507db1d4ad83,55
MFU-52348-1447-d1-3_S63,MFU,5d8982317960a2808a7079bed9c48153c37ae8a8,1989
MFU-52348-1446-d1-2_S56,MFU,5d8982317960a2808a7079bed9c48153c37ae8a8,1314
MFU-52348-1445-d1-1_S49,MFU,5d8982317960a2808a7079bed9c48153c37ae8a8,411
MFU-52348-1445-d1-3_S61,MFU,5d8982317960a2808a7079bed9c48153c37ae8a8,807
MFU-52348-1445-d1-2_S55,MFU,5d8982317960a2808a7079bed9c48153c37ae8a8,1010
MFU-52348-1447-d1-2_S57,MFU,5d8982317960a2808a7079bed9c48153c37ae8a8,1939
MFU-52348-1447-d1-1_S51,MFU,5d8982317960a2808a7079bed9c48153c37ae8a8,1265
MFU-52348-1446-d1-1_S50,MFU,5d8982317960a2808a7079bed9c48153c37ae8a8,1226
MFU-52348-1446-d1-3_S62,MFU,5d8982317960a2808a7079bed9c48153c37ae8a8,826
MFU-52348-1447-d1-2_S57,MFU,5310b2da9a0e0f9812525a06b2a11515d85a7587,121
MFU-52348-1446-d1-1_S50,MFU,5310b2da9a0e0f9812525a06b2a11515d85a7587,82
MFU-52348-1446-d1-3_S62,MFU,21453a1fcfce7f626e6587560b03c2fc1099d762,216
MFU-52348-1446-d1-3_S62,MFU,15a674fe116b3278bda25964d2139de88f056e62,100
MFU-52348-1447-d1-1_S51,MFU,bfb6efa434b9de49679b9697ce25448488d4dee3,111
MFU-52348-1447-d1-3_S63,MFU,6b72b5778471be56f771fe35bc5a762add2d7c6b,154
MFU-52348-1446-d1-2_S56,MFU,660e89949af7c1aa2ab7ccce42f692b718779d09,133
MFU-mock-even-d1-1_S64,MFU,a0544645d70df6bc1347acef42c8abaed94c8f1f,5
MFU-52348-1445-d1-2_S55,MFU,827d5caf615fdf6a715adac8bb9e170b8cfc0234,376
MFU-52348-1447-d1-2_S57,MFU,827d5caf615fdf6a715adac8bb9e170b8cfc0234,1421
MFU-52348-1446-d1-3_S62,MFU,827d5caf615fdf6a715adac8bb9e170b8cfc0234,1835
MFU-52348-1445-d1-3_S61,MFU,827d5caf615fdf6a715adac8bb9e170b8cfc0234,847
MFU-52348-1447-d1-3_S63,MFU,827d5caf615fdf6a715adac8bb9e170b8cfc0234,1880
MFU-52348-1446-d1-1_S50,MFU,827d5caf615fdf6a715adac8bb9e170b8cfc0234,1331
MFU-52348-1446-d1-2_S56,MFU,827d5caf615fdf6a715adac8bb9e170b8cfc0234,1627
MFU-52348-1447-d1-1_S51,MFU,827d5caf615fdf6a715adac8bb9e170b8cfc0234,1495
MFU-52348-1445-d1-1_S49,MFU,827d5caf615fdf6a715adac8bb9e170b8cfc0234,983
MFU-mock-skewed-d1-1_S67,MFU,84c3d0fad8b0216a0a8df97ed258f25b29f00b3c,2
MFU-52348-1445-d1-3_S61,MFU,bc9dfc17fc696048b7ac75f0297c77b7a6604e3c,67
MFU-52348-1449-d1-1_S53,MFU,a80eea392aee66a317106974e6b2165b1eab5c38,166
MFU-52348-1446-d1-2_S56,MFU,8435fda16724cea8c4b8b1967fe2956ec3fd54a9,100
MFU-52348-1446-d1-2_S56,MFU,ac0237cc9ce8bd3168aa65eaf3513a5db8410634,23
MFU-52348-1445-d1-1_S49,MFU,6f5f854c6ff5e3307ca10c66022d53f0ebf768fe,124
MFU-52348-1445-d1-2_S55,MFU,6f5f854c6ff5e3307ca10c66022d53f0ebf768fe,129
MFU-52348-1445-d1-1_S49,MFU,57b8e6bb272d3b455e6af9bc845eab53580d2b01,84695
MFU-52348-1447-d1-1_S51,MFU,57b8e6bb272d3b455e6af9bc845eab53580d2b01,40418
MFU-52348-1447-d1-3_S63,MFU,57b8e6bb272d3b455e6af9bc845eab53580d2b01,58716
MFU-52348-1447-d1-2_S57,MFU,57b8e6bb272d3b455e6af9bc845eab53580d2b01,46916
MFU-52348-1445-d1-2_S55,MFU,57b8e6bb272d3b455e6af9bc845eab53580d2b01,68130
MFU-52348-1446-d1-2_S56,MFU,57b8e6bb272d3b455e6af9bc845eab53580d2b01,45295
MFU-52348-1450-d1-1_S54,MFU,57b8e6bb272d3b455e6af9bc845eab53580d2b01,634
MFU-52348-1446-d1-1_S50,MFU,57b8e6bb272d3b455e6af9bc845eab53580d2b01,37319
MFU-52348-1446-d1-3_S62,MFU,57b8e6bb272d3b455e6af9bc845eab53580d2b01,49038
MFU-52348-1448-d1-1_S52,MFU,57b8e6bb272d3b455e6af9bc845eab53580d2b01,941
MFU-52348-1449-d1-1_S53,MFU,57b8e6bb272d3b455e6af9bc845eab53580d2b01,2268
MFU-52348-1445-d1-3_S61,MFU,57b8e6bb272d3b455e6af9bc845eab53580d2b01,76608
MFU-52348-1447-d1-2_S57,MFU,02ca61557c3d0075c463ff01a76124b390788efc,58
MFU-52348-1445-d1-3_S61,MFU,08b9a63fa870aa1c3fa66024030dbb3f2aa93860,16
MFU-52348-1446-d1-3_S62,MFU,b809469fd825a89e4406487b7bb9eb67f0722258,245
MFU-52348-1445-d1-1_S49,MFU,985b969fc7ed8cf36261661075c815f56d99b651,82
MFU-52348-1445-d1-2_S55,MFU,2fc246c8fe04fe54aee8f7517be194ba3695735c,64
MFU-52348-1446-d1-2_S56,MFU,56b85a262e73a6e60ef0c6d33c4d23a70da33cc0,55459
MFU-52348-1447-d1-2_S57,MFU,56b85a262e73a6e60ef0c6d33c4d23a70da33cc0,52712
MFU-52348-1448-d1-1_S52,MFU,56b85a262e73a6e60ef0c6d33c4d23a70da33cc0,15637
MFU-52348-1450-d1-1_S54,MFU,56b85a262e73a6e60ef0c6d33c4d23a70da33cc0,12780
MFU-52462-253-d10-1_S77,MFU,56b85a262e73a6e60ef0c6d33c4d23a70da33cc0,6121
MFU-52348-1450-d10-1_S60,MFU,56b85a262e73a6e60ef0c6d33c4d23a70da33cc0,364
MFU-52348-1445-d1-1_S49,MFU,56b85a262e73a6e60ef0c6d33c4d23a70da33cc0,29697
MFU-52348-1445-d1-3_S61,MFU,56b85a262e73a6e60ef0c6d33c4d23a70da33cc0,26980
MFU-52348-1448-d10-1_S58,MFU,56b85a262e73a6e60ef0c6d33c4d23a70da33cc0,334
MFU-52348-1446-d1-1_S50,MFU,56b85a262e73a6e60ef0c6d33c4d23a70da33cc0,52852
MFU-52348-1445-d1-2_S55,MFU,56b85a262e73a6e60ef0c6d33c4d23a70da33cc0,23745
MFU-52348-1446-d1-3_S62,MFU,56b85a262e73a6e60ef0c6d33c4d23a70da33cc0,78800
MFU-52348-1447-d1-1_S51,MFU,56b85a262e73a6e60ef0c6d33c4d23a70da33cc0,46701
MFU-52348-1449-d1-1_S53,MFU,56b85a262e73a6e60ef0c6d33c4d23a70da33cc0,5599
MFU-52348-1447-d1-3_S63,MFU,56b85a262e73a6e60ef0c6d33c4d23a70da33cc0,61665
MFU-52348-1447-d1-2_S57,MFU,855a6db09ad20bb1a85c42563364110f7193d633,123
MFU-52348-1447-d1-2_S57,MFU,cf6f5dd80090448ae69a27b519d6cd0820e30ff4,278
MFU-52348-1446-d1-2_S56,MFU,4987ed61a49e7ac29ca047ce7bdb0f428c8e7a1a,147
MFU-52348-1447-d1-2_S57,MFU,0df5a82f2112a38c861ebca5dd26206231cc835e,152
MFU-52348-1447-d1-3_S63,MFU,0df5a82f2112a38c861ebca5dd26206231cc835e,164
MFU-52348-1449-d10-1_S59,MFU,432bde58ec0ddeb782a0a1d172efdf57eba9c9a3,118
MFU-52348-1449-d1-1_S53,MFU,432bde58ec0ddeb782a0a1d172efdf57eba9c9a3,545
MFU-52348-1449-d10-1_S59,MFU,b937d570b6ecf373a7b14d507d17a1f602facd8d,316
MFU-52348-1450-d10-1_S60,MFU,b937d570b6ecf373a7b14d507d17a1f602facd8d,158
MFU-52348-1448-d1-1_S52,MFU,b937d570b6ecf373a7b14d507d17a1f602facd8d,2352
MFU-52348-1449-d1-1_S53,MFU,b937d570b6ecf373a7b14d507d17a1f602facd8d,5911
MFU-52348-1450-d1-1_S54,MFU,b937d570b6ecf373a7b14d507d17a1f602facd8d,2887
MFU-52348-1448-d10-1_S58,MFU,b937d570b6ecf373a7b14d507d17a1f602facd8d,286
MFU-52348-1445-d1-3_S61,MFU,2f2d86fe9d922bef538fb7bd9f11588e1a3c43c9,104
MFU-52348-1447-d1-3_S63,MFU,05b9d33d3b07de88ca0441f034a86ed439760cb2,159
MFU-52348-1446-d1-1_S50,MFU,adbd1832cac45e40fd365c88f603028d2871a00a,95
MFU-52348-1447-d1-3_S63,MFU,463a07673dae811409e0f88279ea6b09d625df81,154
MFU-52348-1449-d1-1_S53,MFU,4e425a62a06a4bc75fd852e02437a475ccb755b0,557
MFU-52348-1448-d1-1_S52,MFU,4e425a62a06a4bc75fd852e02437a475ccb755b0,305
MFU-52348-1447-d1-1_S51,MFU,4e425a62a06a4bc75fd852e02437a475ccb755b0,95
MFU-52348-1446-d1-2_S56,MFU,15903b34a9ddf3e5fac7751a3fb4553cba9c950a,274
MFU-52348-1445-d1-3_S61,MFU,15903b34a9ddf3e5fac7751a3fb4553cba9c950a,114
MFU-52348-1447-d1-2_S57,MFU,15903b34a9ddf3e5fac7751a3fb4553cba9c950a,604
MFU-52348-1445-d1-1_S49,MFU,15903b34a9ddf3e5fac7751a3fb4553cba9c950a,354
MFU-52348-1446-d1-1_S50,MFU,15903b34a9ddf3e5fac7751a3fb4553cba9c950a,1061
MFU-52348-1447-d1-3_S63,MFU,15903b34a9ddf3e5fac7751a3fb4553cba9c950a,496
MFU-52348-1449-d1-1_S53,MFU,15903b34a9ddf3e5fac7751a3fb4553cba9c950a,1243
MFU-52348-1447-d1-1_S51,MFU,15903b34a9ddf3e5fac7751a3fb4553cba9c950a,40
MFU-52348-1445-d1-2_S55,MFU,15903b34a9ddf3e5fac7751a3fb4553cba9c950a,247
MFU-52348-1446-d1-3_S62,MFU,15903b34a9ddf3e5fac7751a3fb4553cba9c950a,1146
MFU-52348-1446-d1-1_S50,MFU,c1a6db68f9ac919b1d39bf5d09e8a41df2e40cb0,38
MFU-52348-1445-d1-1_S49,MFU,30e45f622ceebd2e9f18701a53ebcd671ed1df72,115
MFU-52348-1449-d1-1_S53,MFU,dda1bc4c8f0cd2ce6bcdaae02563d3186a2ab920,435
MFU-52348-1450-d1-1_S54,MFU,aabaacb514c28f7a8f1ea297cb676935daba8092,343
MFU-52348-1448-d1-1_S52,MFU,aabaacb514c28f7a8f1ea297cb676935daba8092,453
MFU-52348-1449-d1-1_S53,MFU,aabaacb514c28f7a8f1ea297cb676935daba8092,184
MFU-mock-even-d1-3_S66,MFU,aabaacb514c28f7a8f1ea297cb676935daba8092,2
MFU-52348-1447-d1-2_S57,MFU,4c180359439270a87cdb63b08aa71e69d7113d1c,86
MFU-52348-1447-d1-1_S51,MFU,6c49506da20cc547068ee28d02b3031d23916380,1070
MFU-52348-1446-d1-1_S50,MFU,6c49506da20cc547068ee28d02b3031d23916380,21
MFU-52348-1447-d1-3_S63,MFU,6c49506da20cc547068ee28d02b3031d23916380,999
MFU-52472-004-d10-1_S73,MFU,6c49506da20cc547068ee28d02b3031d23916380,10
MFU-52348-1447-d1-2_S57,MFU,6c49506da20cc547068ee28d02b3031d23916380,1324
MFU-52462-252-d10-1_S76,MFU,428443da8c7d128ecba78f332d718fe9f6018b54,22
MFU-mock-skewed-d1-2_S68,MFU,e3c0667d6d53f2832fd39b8a0988b4448bf5fda6,3
MFU-52348-1446-d1-2_S56,MFU,d6f69979e2e7c50e468fdb7a4ad00eb8296b8bf9,4
MFU-52348-1448-d10-1_S58,MFU,d6f69979e2e7c50e468fdb7a4ad00eb8296b8bf9,10
MFU-52472-005-d10-1_S74,MFU,d6f69979e2e7c50e468fdb7a4ad00eb8296b8bf9,12
MFU-52348-1449-d1-1_S53,MFU,d6f69979e2e7c50e468fdb7a4ad00eb8296b8bf9,13
MFU-52472-004-d10-1_S73,MFU,d6f69979e2e7c50e468fdb7a4ad00eb8296b8bf9,25
MFU-mock-skewed-d1-3_S69,MFU,19150972075779b8cab401f2eecf2bd7450b7cfe,4
MFU-mock-skewed-d1-2_S68,MFU,19150972075779b8cab401f2eecf2bd7450b7cfe,12
MFU-mock-skewed-d1-2_S68,MFU,795bcaff7d3c75a0bf513313628031d251243673,11
MFU-mock-skewed-d1-3_S69,MFU,51145f61f9103823951e2d0373bb3de11a2d93a1,3
MFU-mock-skewed-d1-3_S69,MFU,5aa0b1a1714f749777452a487ca4d99f82e4ea62,6
MFU-mock-skewed-d1-1_S67,MFU,1e6ee3380a8bf057d35ea70cf5fb90207726ecdb,7
MFU-mock-even-d1-1_S64,MFU,1e6ee3380a8bf057d35ea70cf5fb90207726ecdb,13
MFU-mock-even-d1-2_S65,MFU,1e6ee3380a8bf057d35ea70cf5fb90207726ecdb,12
MFU-mock-skewed-d1-2_S68,MFU,1e6ee3380a8bf057d35ea70cf5fb90207726ecdb,38
MFU-mock-even-d1-3_S66,MFU,1e6ee3380a8bf057d35ea70cf5fb90207726ecdb,11
MFU-mock-skewed-d1-3_S69,MFU,1e6ee3380a8bf057d35ea70cf5fb90207726ecdb,17
MFU-52348-1446-d1-1_S50,MFU,8058d9f91a823509fccc497a6b83ef9d045783b0,127
MFU-52348-1446-d1-1_S50,MFU,b2220b6b1670d495c936dd53008e7ca257b5d6bc,265
MFU-52348-1449-d1-1_S53,MFU,b2220b6b1670d495c936dd53008e7ca257b5d6bc,422
MFU-52462-252-d10-1_S76,MFU,b2220b6b1670d495c936dd53008e7ca257b5d6bc,2247
MFU-mock-skewed-d1-2_S68,MFU,6af70bd175298cf5a08a0df642606df027c14003,7
MFU-mock-skewed-d1-3_S69,MFU,98f2eee5cc4142147dc10600148935080b4c2653,706
MFU-mock-even-d1-2_S65,MFU,98f2eee5cc4142147dc10600148935080b4c2653,262
MFU-mock-even-d1-1_S64,MFU,98f2eee5cc4142147dc10600148935080b4c2653,299
MFU-mock-skewed-d1-2_S68,MFU,98f2eee5cc4142147dc10600148935080b4c2653,1100
MFU-mock-even-d1-3_S66,MFU,98f2eee5cc4142147dc10600148935080b4c2653,305
MFU-mock-skewed-d1-1_S67,MFU,98f2eee5cc4142147dc10600148935080b4c2653,250
MFU-mock-skewed-d1-1_S67,MFU,e605f34aa97f3133bd37018d290ae19b4c567d18,248
MFU-mock-skewed-d1-2_S68,MFU,e605f34aa97f3133bd37018d290ae19b4c567d18,1026
MFU-52348-1445-d1-1_S49,MFU,e605f34aa97f3133bd37018d290ae19b4c567d18,3
MFU-mock-even-d1-2_S65,MFU,e605f34aa97f3133bd37018d290ae19b4c567d18,551
MFU-mock-skewed-d1-3_S69,MFU,e605f34aa97f3133bd37018d290ae19b4c567d18,583
MFU-mock-even-d1-3_S66,MFU,e605f34aa97f3133bd37018d290ae19b4c567d18,690
MFU-mock-even-d1-1_S64,MFU,e605f34aa97f3133bd37018d290ae19b4c567d18,734
MFU-52348-1446-d1-1_S50,MFU,da83c719cc06209b92f6b2c6a335a055a2db77cf,25
MFU-52348-1446-d1-3_S62,MFU,da83c719cc06209b92f6b2c6a335a055a2db77cf,19
MFU-52348-1446-d1-2_S56,MFU,da83c719cc06209b92f6b2c6a335a055a2db77cf,26
MFU-52348-1449-d1-1_S53,MFU,d1463558602bbd84bea02961a12237b821b43668,36
MFU-52348-1449-d1-1_S53,MFU,c6d586dc78d8ef5cac238cba2d5714407775bd69,23
MFU-mock-skewed-d1-1_S67,MFU,ffff4e3651166c39b4c7ac9fe8010b796d1d9963,11
MFU-mock-even-d1-2_S65,MFU,ffff4e3651166c39b4c7ac9fe8010b796d1d9963,18
MFU-mock-skewed-d1-3_S69,MFU,ffff4e3651166c39b4c7ac9fe8010b796d1d9963,14
MFU-mock-skewed-d1-2_S68,MFU,ffff4e3651166c39b4c7ac9fe8010b796d1d9963,26
MFU-mock-even-d1-1_S64,MFU,ffff4e3651166c39b4c7ac9fe8010b796d1d9963,23
MFU-mock-even-d1-3_S66,MFU,ffff4e3651166c39b4c7ac9fe8010b796d1d9963,12
MFU-mock-skewed-d1-3_S69,MFU,5a410d1fde05dbeb2c71dca738549a9f69b1f869,52
MFU-mock-even-d1-2_S65,MFU,5a410d1fde05dbeb2c71dca738549a9f69b1f869,411
MFU-mock-skewed-d1-2_S68,MFU,5a410d1fde05dbeb2c71dca738549a9f69b1f869,76
MFU-mock-even-d1-1_S64,MFU,5a410d1fde05dbeb2c71dca738549a9f69b1f869,554
MFU-mock-skewed-d1-1_S67,MFU,5a410d1fde05dbeb2c71dca738549a9f69b1f869,37
MFU-mock-even-d1-3_S66,MFU,5a410d1fde05dbeb2c71dca738549a9f69b1f869,367
MFU-mock-even-d1-3_S66,MFU,c50e6963e5241fb172b1dd5b7780ab38d2d9c41a,48
MFU-mock-skewed-d1-3_S69,MFU,c50e6963e5241fb172b1dd5b7780ab38d2d9c41a,29
MFU-mock-skewed-d1-2_S68,MFU,c50e6963e5241fb172b1dd5b7780ab38d2d9c41a,72
MFU-mock-even-d1-2_S65,MFU,c50e6963e5241fb172b1dd5b7780ab38d2d9c41a,65
MFU-mock-even-d1-1_S64,MFU,c50e6963e5241fb172b1dd5b7780ab38d2d9c41a,74
MFU-mock-even-d1-2_S65,MFU,d8ce921b87ee2a3603e306e0c556b24194c9d7c6,123
MFU-mock-even-d1-1_S64,MFU,d8ce921b87ee2a3603e306e0c556b24194c9d7c6,130
MFU-mock-skewed-d1-1_S67,MFU,d8ce921b87ee2a3603e306e0c556b24194c9d7c6,224
MFU-mock-skewed-d1-2_S68,MFU,d8ce921b87ee2a3603e306e0c556b24194c9d7c6,972
MFU-mock-even-d1-3_S66,MFU,d8ce921b87ee2a3603e306e0c556b24194c9d7c6,105
MFU-mock-skewed-d1-3_S69,MFU,d8ce921b87ee2a3603e306e0c556b24194c9d7c6,594
MFU-mock-even-d1-2_S65,MFU,2c0ecd2087b03e283b66c488815ba17791f487f5,285
MFU-mock-skewed-d1-3_S69,MFU,2c0ecd2087b03e283b66c488815ba17791f487f5,79
MFU-mock-even-d1-3_S66,MFU,2c0ecd2087b03e283b66c488815ba17791f487f5,344
MFU-mock-skewed-d1-1_S67,MFU,2c0ecd2087b03e283b66c488815ba17791f487f5,36
MFU-mock-skewed-d1-2_S68,MFU,2c0ecd2087b03e283b66c488815ba17791f487f5,109
MFU-mock-even-d1-1_S64,MFU,2c0ecd2087b03e283b66c488815ba17791f487f5,320
MFU-52348-1447-d1-2_S57,MFU,c5eae2c0dc6f962d20ad094c21a93058656894f7,70
MFU-mock-even-d1-3_S66,MFU,6f15c44437f7ce31d0a433886c4a7af4bd98b904,82
MFU-mock-even-d1-2_S65,MFU,6f15c44437f7ce31d0a433886c4a7af4bd98b904,108
MFU-mock-even-d1-1_S64,MFU,6f15c44437f7ce31d0a433886c4a7af4bd98b904,122
MFU-52462-253-d10-1_S77,MFU,0c56c5b7fb4564bdbf57ec88513e18491a359eff,19
MFU-mock-even-d1-2_S65,MFU,690728fc03a14623b8bbf88d85348c47e24ba0aa,14
MFU-mock-skewed-d1-3_S69,MFU,690728fc03a14623b8bbf88d85348c47e24ba0aa,15
MFU-mock-even-d1-1_S64,MFU,690728fc03a14623b8bbf88d85348c47e24ba0aa,16
MFU-mock-skewed-d1-1_S67,MFU,690728fc03a14623b8bbf88d85348c47e24ba0aa,9
MFU-mock-even-d1-3_S66,MFU,690728fc03a14623b8bbf88d85348c47e24ba0aa,13
MFU-mock-skewed-d1-2_S68,MFU,690728fc03a14623b8bbf88d85348c47e24ba0aa,36
MFU-mock-skewed-d1-1_S67,MFU,b288a795920dc4659d6a9aa9c3c99e936f7a9e4c,5
MFU-mock-even-d1-2_S65,MFU,b288a795920dc4659d6a9aa9c3c99e936f7a9e4c,15
MFU-mock-even-d1-1_S64,MFU,b288a795920dc4659d6a9aa9c3c99e936f7a9e4c,11
MFU-mock-skewed-d1-2_S68,MFU,b288a795920dc4659d6a9aa9c3c99e936f7a9e4c,9
MFU-mock-even-d1-3_S66,MFU,b288a795920dc4659d6a9aa9c3c99e936f7a9e4c,10
MFU-mock-skewed-d1-1_S67,MFU,a210a55551b22693281313c8207fa9ce914b2340,595
MFU-mock-even-d1-2_S65,MFU,a210a55551b22693281313c8207fa9ce914b2340,362
MFU-mock-even-d1-1_S64,MFU,a210a55551b22693281313c8207fa9ce914b2340,465
MFU-mock-skewed-d1-3_S69,MFU,a210a55551b22693281313c8207fa9ce914b2340,1406
MFU-mock-even-d1-3_S66,MFU,a210a55551b22693281313c8207fa9ce914b2340,356
MFU-52472-003-d10-1_S72,MFU,a210a55551b22693281313c8207fa9ce914b2340,200
MFU-mock-skewed-d1-2_S68,MFU,a210a55551b22693281313c8207fa9ce914b2340,2393
MFU-mock-even-d1-2_S65,MFU,e105a98286806fab56828ed516017c4661c2402a,127
MFU-mock-skewed-d1-3_S69,MFU,e105a98286806fab56828ed516017c4661c2402a,360
MFU-mock-even-d1-3_S66,MFU,e105a98286806fab56828ed516017c4661c2402a,132
MFU-mock-skewed-d1-1_S67,MFU,e105a98286806fab56828ed516017c4661c2402a,109
MFU-mock-skewed-d1-2_S68,MFU,e105a98286806fab56828ed516017c4661c2402a,561
MFU-mock-even-d1-1_S64,MFU,e105a98286806fab56828ed516017c4661c2402a,111
MFU-mock-skewed-d1-3_S69,MFU,26914529b25aacc031240221e87052da21793c6f,301
MFU-mock-skewed-d1-1_S67,MFU,26914529b25aacc031240221e87052da21793c6f,113
MFU-mock-even-d1-2_S65,MFU,26914529b25aacc031240221e87052da21793c6f,113
MFU-mock-even-d1-3_S66,MFU,26914529b25aacc031240221e87052da21793c6f,102
MFU-mock-skewed-d1-2_S68,MFU,26914529b25aacc031240221e87052da21793c6f,454
MFU-mock-even-d1-1_S64,MFU,26914529b25aacc031240221e87052da21793c6f,143
MFU-mock-skewed-d1-2_S68,MFU,7e4392f62e0959de26da328f4f1d57fc2faf5202,176
MFU-mock-even-d1-3_S66,MFU,7e4392f62e0959de26da328f4f1d57fc2faf5202,150
MFU-mock-even-d1-2_S65,MFU,7e4392f62e0959de26da328f4f1d57fc2faf5202,141
MFU-mock-skewed-d1-3_S69,MFU,7e4392f62e0959de26da328f4f1d57fc2faf5202,85
MFU-mock-skewed-d1-1_S67,MFU,7e4392f62e0959de26da328f4f1d57fc2faf5202,38
MFU-mock-even-d1-1_S64,MFU,7e4392f62e0959de26da328f4f1d57fc2faf5202,150
MFU-52348-1446-d1-2_S56,MFU,fe76cd3131a1813236d59e0dc01ec9ea485ef020,12
MFU-52472-004-d10-1_S73,MFU,fe76cd3131a1813236d59e0dc01ec9ea485ef020,13
MFU-52462-252-d10-1_S76,MFU,fe76cd3131a1813236d59e0dc01ec9ea485ef020,34
MFU-52472-007-d10-1_S75,MFU,fe76cd3131a1813236d59e0dc01ec9ea485ef020,473
MFU-52462-253-d10-1_S77,MFU,fe76cd3131a1813236d59e0dc01ec9ea485ef020,76
MFU-mock-even-d1-2_S65,MFU,d2d9f1847025c71ebd60dc7714b964bf5387ca81,61
MFU-mock-skewed-d1-3_S69,MFU,d2d9f1847025c71ebd60dc7714b964bf5387ca81,91
MFU-mock-skewed-d1-2_S68,MFU,d2d9f1847025c71ebd60dc7714b964bf5387ca81,165
MFU-mock-even-d1-3_S66,MFU,d2d9f1847025c71ebd60dc7714b964bf5387ca81,74
MFU-mock-skewed-d1-1_S67,MFU,d2d9f1847025c71ebd60dc7714b964bf5387ca81,45
MFU-mock-even-d1-1_S64,MFU,d2d9f1847025c71ebd60dc7714b964bf5387ca81,117
MFU-mock-even-d1-2_S65,MFU,b63c8a44c1122de0bfffaf7658d239d31c1fa8ec,9
MFU-mock-even-d1-1_S64,MFU,8051364f94926a50db74a9eaef53b6463a8f39f3,4
MFU-52462-252-d10-1_S76,MFU,869bfd54e01e5060039f3e34a3aa817b73151dd1,1448
MFU-52472-002-d10-1_S71,MFU,869bfd54e01e5060039f3e34a3aa817b73151dd1,227
MFU-52348-1448-d1-1_S52,MFU,48e95b27adf6080d206780606ba761c98030e049,143
MFU-52348-1449-d10-1_S59,MFU,14815d1bda588b9c50a3c0216e56bd42bd34e72b,94
MFU-52348-1445-d1-1_S49,MFU,fc4c999c2696f3280db9277a1758183287ff844a,92
MFU-52348-1447-d1-3_S63,MFU,fc4c999c2696f3280db9277a1758183287ff844a,259
MFU-52348-1446-d1-3_S62,MFU,fc4c999c2696f3280db9277a1758183287ff844a,218
MFU-52348-1447-d1-1_S51,MFU,fc4c999c2696f3280db9277a1758183287ff844a,393
MFU-52348-1447-d1-2_S57,MFU,fc4c999c2696f3280db9277a1758183287ff844a,250
MFU-52348-1446-d1-2_S56,MFU,fc4c999c2696f3280db9277a1758183287ff844a,277
MFU-52348-1445-d1-1_S49,MFU,884e62a14e3ca66ec3aa8ca2a52ccc84c66a2047,90
MFU-52472-007-d10-1_S75,MFU,884e62a14e3ca66ec3aa8ca2a52ccc84c66a2047,436
MFU-52348-1450-d1-1_S54,MFU,0e12642fefcde39dbabaf4d5e6faef6ab8f4e8e0,644
MFU-52348-1449-d1-1_S53,MFU,0e12642fefcde39dbabaf4d5e6faef6ab8f4e8e0,453
MFU-52348-1445-d1-2_S55,MFU,f2ba656b8b1e6ff90e22b45f36fc6772c3952d4a,151
MFU-52348-1447-d1-3_S63,MFU,f2ba656b8b1e6ff90e22b45f36fc6772c3952d4a,293
MFU-52348-1445-d1-3_S61,MFU,06d4ee00ca7a2a71bbbc7fe74ae28e30bec0630d,169
MFU-52348-1447-d1-3_S63,MFU,6bf001392e2cc6a01a5345e61745099173509894,159
MFU-52348-1445-d1-1_S49,MFU,093a91d100d3f9873defc9be92e6333b74f9d1a9,186
MFU-52348-1446-d1-2_S56,MFU,374fb2a976a60ab4398cf064d2f8e901602bbb46,99
MFU-52472-007-d10-1_S75,MFU,54603aed4b48d32f473248fbbafeae3bbf90ad5d,240
MFU-52348-1446-d1-1_S50,MFU,f0e2bd10c0c8ec6c01146a91ea14bc8a71e50335,63
MFU-52348-1445-d1-1_S49,MFU,d78cb364e47ddf5149a57c71ff5ba4a5cf07bdea,90
MFU-52348-1445-d1-2_S55,MFU,b9286cfd811492b447dd689cf4cee607c9368699,63
MFU-52348-1445-d1-2_S55,MFU,0cf8a5067d69ec1e61c0ae339f8640208ae401fb,72
MFU-52348-1445-d1-1_S49,MFU,02533f0727c488d5ca80cccfae562a0cf111576d,101
MFU-52348-1446-d1-3_S62,MFU,7460cbab2f5aa661a9852c50330b127168787c6b,120
MFU-52348-1447-d1-2_S57,MFU,209def5f38e850b2b6a81285777a00d81c85b8ed,271
MFU-52348-1447-d1-3_S63,MFU,209def5f38e850b2b6a81285777a00d81c85b8ed,931
MFU-52348-1446-d1-3_S62,MFU,4715bbef15095404f1a5105ebadaf6f33514819d,90
MFU-52472-007-d10-1_S75,MFU,bfb9693c4fc9fc2949fb5f5da56759659e046cdd,361
MFU-52348-1447-d1-1_S51,MFU,2491ffcd22c019c38661946d58a65159025d397d,21191
MFU-52348-1446-d1-2_S56,MFU,2491ffcd22c019c38661946d58a65159025d397d,20975
MFU-52348-1446-d1-3_S62,MFU,2491ffcd22c019c38661946d58a65159025d397d,19852
MFU-52348-1445-d1-2_S55,MFU,2491ffcd22c019c38661946d58a65159025d397d,19035
MFU-52348-1447-d1-2_S57,MFU,2491ffcd22c019c38661946d58a65159025d397d,23018
MFU-52348-1445-d1-3_S61,MFU,2491ffcd22c019c38661946d58a65159025d397d,18431
MFU-52348-1446-d1-1_S50,MFU,2491ffcd22c019c38661946d58a65159025d397d,19820
MFU-52348-1449-d1-1_S53,MFU,2491ffcd22c019c38661946d58a65159025d397d,1188
MFU-52472-007-d10-1_S75,MFU,2491ffcd22c019c38661946d58a65159025d397d,836
MFU-52348-1445-d1-1_S49,MFU,2491ffcd22c019c38661946d58a65159025d397d,24576
MFU-52472-002-d10-1_S71,MFU,2491ffcd22c019c38661946d58a65159025d397d,234
MFU-52348-1447-d1-3_S63,MFU,2491ffcd22c019c38661946d58a65159025d397d,21432
MFU-52348-1447-d1-3_S63,MFU,343554c2359991043f1070bf84346924eea81d9e,191
MFU-52348-1447-d1-1_S51,MFU,ef6cede479f79d3fc46a42bacef3bb2430bab804,290
MFU-52348-1447-d1-3_S63,MFU,ef6cede479f79d3fc46a42bacef3bb2430bab804,314
MFU-52348-1445-d1-1_S49,MFU,ef6cede479f79d3fc46a42bacef3bb2430bab804,179
MFU-52348-1445-d1-2_S55,MFU,974de2033d3890c11c8803f8a87e73c407209787,84
MFU-52348-1446-d1-2_S56,MFU,0fd35dee0fbf52305a283bdbd9500b119a1c85f5,358
MFU-52348-1446-d1-1_S50,MFU,0fd35dee0fbf52305a283bdbd9500b119a1c85f5,207
MFU-52348-1445-d1-1_S49,MFU,731f68d33fe001c6f1144ddd87449b2986f03e71,188
MFU-52348-1445-d1-2_S55,MFU,731f68d33fe001c6f1144ddd87449b2986f03e71,268
MFU-52348-1446-d1-1_S50,MFU,731f68d33fe001c6f1144ddd87449b2986f03e71,541
MFU-52348-1446-d1-2_S56,MFU,731f68d33fe001c6f1144ddd87449b2986f03e71,119
MFU-52472-007-d10-1_S75,MFU,731f68d33fe001c6f1144ddd87449b2986f03e71,234
MFU-52348-1445-d1-3_S61,MFU,731f68d33fe001c6f1144ddd87449b2986f03e71,265
MFU-52348-1446-d1-2_S56,MFU,1e00fb558f948e0ea994f1c17292b61e37f442ec,92
MFU-52348-1447-d1-1_S51,MFU,56b2769e5e1b243156f4db29981ce5126d80e2c3,252
MFU-52348-1447-d1-2_S57,MFU,56b2769e5e1b243156f4db29981ce5126d80e2c3,549
MFU-52348-1447-d1-3_S63,MFU,99490c5f2e96aebc4ba510dbd2a5bc2f42294a28,67
MFU-52348-1446-d1-3_S62,MFU,2f6dff0fe9ebddde4d6684e3878334920a9c2f4f,217
MFU-52348-1447-d1-2_S57,MFU,e721cca60a7e2847768f287a4a8c591107d876cc,307
MFU-52348-1447-d1-3_S63,MFU,c28b09aefdd40bd16b51a1d4f8511860e534a00f,125
MFU-52348-1446-d1-3_S62,MFU,f995c7d411ca4f8c15d52872e169ee29d2cb893b,108
MFU-mock-skewed-d1-1_S67,MFU,eedc937a4c6868cf6c77409e1133bf9188d7d9fc,14027
MFU-mock-even-d1-1_S64,MFU,eedc937a4c6868cf6c77409e1133bf9188d7d9fc,31644
MFU-52348-1446-d1-2_S56,MFU,eedc937a4c6868cf6c77409e1133bf9188d7d9fc,190
MFU-52348-1446-d1-3_S62,MFU,eedc937a4c6868cf6c77409e1133bf9188d7d9fc,253
MFU-mock-skewed-d1-3_S69,MFU,eedc937a4c6868cf6c77409e1133bf9188d7d9fc,51275
MFU-mock-skewed-d1-2_S68,MFU,eedc937a4c6868cf6c77409e1133bf9188d7d9fc,56924
MFU-mock-even-d1-2_S65,MFU,eedc937a4c6868cf6c77409e1133bf9188d7d9fc,33083
MFU-52348-1445-d1-1_S49,MFU,eedc937a4c6868cf6c77409e1133bf9188d7d9fc,543
MFU-52348-1447-d1-1_S51,MFU,eedc937a4c6868cf6c77409e1133bf9188d7d9fc,212
MFU-52348-1446-d1-1_S50,MFU,eedc937a4c6868cf6c77409e1133bf9188d7d9fc,556
MFU-52348-1447-d1-2_S57,MFU,eedc937a4c6868cf6c77409e1133bf9188d7d9fc,943
MFU-mock-even-d1-3_S66,MFU,eedc937a4c6868cf6c77409e1133bf9188d7d9fc,18161
MFU-52348-1445-d1-2_S55,MFU,0e64c7b35511ccfa69754b18723b89b3d18c4e6f,142
MFU-52348-1445-d1-1_S49,MFU,0e64c7b35511ccfa69754b18723b89b3d18c4e6f,338
MFU-52348-1445-d1-3_S61,MFU,0e64c7b35511ccfa69754b18723b89b3d18c4e6f,354
MFU-52348-1446-d1-3_S62,MFU,92dd52e93c5eb19d5760858181ba1a2b65d48d2e,268
MFU-52348-1447-d1-3_S63,MFU,92dd52e93c5eb19d5760858181ba1a2b65d48d2e,163
MFU-52472-007-d10-1_S75,MFU,92dd52e93c5eb19d5760858181ba1a2b65d48d2e,728
MFU-52348-1447-d1-1_S51,MFU,92dd52e93c5eb19d5760858181ba1a2b65d48d2e,109
MFU-52348-1445-d1-3_S61,MFU,92dd52e93c5eb19d5760858181ba1a2b65d48d2e,147
MFU-52348-1445-d1-3_S61,MFU,cc7b0576823b25cbcc742764fe4edf35fbd30c48,82
MFU-52348-1450-d1-1_S54,MFU,815465bf4218c40e60200ea518c5d7cbabd61f1c,287
MFU-mock-skewed-d1-3_S69,MFU,815465bf4218c40e60200ea518c5d7cbabd61f1c,6169
MFU-mock-even-d1-2_S65,MFU,815465bf4218c40e60200ea518c5d7cbabd61f1c,14094
MFU-mock-even-d1-3_S66,MFU,815465bf4218c40e60200ea518c5d7cbabd61f1c,10191
MFU-52472-001-d10-1_S70,MFU,815465bf4218c40e60200ea518c5d7cbabd61f1c,37081
MFU-52348-1445-d1-1_S49,MFU,815465bf4218c40e60200ea518c5d7cbabd61f1c,64
MFU-mock-skewed-d1-1_S67,MFU,815465bf4218c40e60200ea518c5d7cbabd61f1c,2107
MFU-mock-even-d1-1_S64,MFU,815465bf4218c40e60200ea518c5d7cbabd61f1c,15728
MFU-mock-skewed-d1-2_S68,MFU,815465bf4218c40e60200ea518c5d7cbabd61f1c,8056
MFU-52348-1447-d1-2_S57,MFU,ba40d744c2b1e95bc16905089842da6c93af4dfb,129
MFU-52348-1450-d1-1_S54,MFU,7aa8bfe6f38e6cfd0f4fa31e25ccd1e49ce9fe29,344
MFU-52348-1446-d1-2_S56,MFU,f7dc00e75689e06a9b7a5982c7d7bb54e585af2e,82
MFU-52348-1446-d1-1_S50,MFU,f7dc00e75689e06a9b7a5982c7d7bb54e585af2e,138
MFU-52348-1446-d1-3_S62,MFU,d0415d7866c49074ce258b7c33266b0841a93358,109
MFU-52348-1447-d1-2_S57,MFU,a637bf43d5e132d153855d8251665d935ea12a0b,804
MFU-52348-1446-d1-3_S62,MFU,a637bf43d5e132d153855d8251665d935ea12a0b,1057
MFU-52348-1446-d1-2_S56,MFU,a637bf43d5e132d153855d8251665d935ea12a0b,1559
MFU-52348-1447-d1-1_S51,MFU,a637bf43d5e132d153855d8251665d935ea12a0b,2046
MFU-52348-1445-d1-2_S55,MFU,a637bf43d5e132d153855d8251665d935ea12a0b,469
MFU-52348-1448-d10-1_S58,MFU,a637bf43d5e132d153855d8251665d935ea12a0b,728
MFU-52348-1450-d1-1_S54,MFU,a637bf43d5e132d153855d8251665d935ea12a0b,1240
MFU-52348-1445-d1-3_S61,MFU,a637bf43d5e132d153855d8251665d935ea12a0b,657
MFU-52348-1449-d1-1_S53,MFU,a637bf43d5e132d153855d8251665d935ea12a0b,744
MFU-52348-1447-d1-3_S63,MFU,a637bf43d5e132d153855d8251665d935ea12a0b,1347
MFU-mock-even-d1-1_S64,MFU,a637bf43d5e132d153855d8251665d935ea12a0b,2
MFU-52348-1446-d1-1_S50,MFU,a637bf43d5e132d153855d8251665d935ea12a0b,1898
MFU-52348-1448-d1-1_S52,MFU,a637bf43d5e132d153855d8251665d935ea12a0b,929
MFU-52348-1450-d10-1_S60,MFU,a637bf43d5e132d153855d8251665d935ea12a0b,79
MFU-mock-even-d1-3_S66,MFU,a637bf43d5e132d153855d8251665d935ea12a0b,3
MFU-52348-1445-d1-1_S49,MFU,a637bf43d5e132d153855d8251665d935ea12a0b,1586
MFU-52348-1450-d1-1_S54,MFU,49c829a5231136235f331db7aca2a5729665094e,315
MFU-52348-1449-d1-1_S53,MFU,83ea67453de1f778164f8f9d202fa7c15b3952cb,219
MFU-52348-1450-d1-1_S54,MFU,42bfc6303f5db0be106ce97e8a0f9f0454bf9218,5702
MFU-52348-1449-d1-1_S53,MFU,42bfc6303f5db0be106ce97e8a0f9f0454bf9218,1367
MFU-52348-1446-d1-3_S62,MFU,42bfc6303f5db0be106ce97e8a0f9f0454bf9218,4
MFU-52348-1448-d1-1_S52,MFU,42bfc6303f5db0be106ce97e8a0f9f0454bf9218,5151
MFU-52348-1445-d1-3_S61,MFU,d81e895d214b010edfa6a673e140f90edb104865,217
MFU-52348-1446-d1-2_S56,MFU,d81e895d214b010edfa6a673e140f90edb104865,131
MFU-52348-1445-d1-1_S49,MFU,d81e895d214b010edfa6a673e140f90edb104865,101
MFU-52348-1448-d1-1_S52,MFU,6345143bb746ac8143ce55beeb9b6b021d3dbe62,346
MFU-52348-1445-d1-2_S55,MFU,7a0c242fa219441720f0e2f4293e0c5bf96714b2,88
MFU-52348-1447-d1-2_S57,MFU,7a0c242fa219441720f0e2f4293e0c5bf96714b2,218
MFU-52348-1446-d1-1_S50,MFU,7a0c242fa219441720f0e2f4293e0c5bf96714b2,104
MFU-52348-1447-d1-3_S63,MFU,7a0c242fa219441720f0e2f4293e0c5bf96714b2,281
MFU-52348-1445-d1-3_S61,MFU,7a0c242fa219441720f0e2f4293e0c5bf96714b2,82
MFU-52348-1446-d1-2_S56,MFU,7a0c242fa219441720f0e2f4293e0c5bf96714b2,144
MFU-52348-1450-d1-1_S54,MFU,6ab30870f8dbb86abfef07d7ee2394192e931f05,563
MFU-52348-1449-d1-1_S53,MFU,6ab30870f8dbb86abfef07d7ee2394192e931f05,432
MFU-52348-1449-d1-1_S53,MFU,e4d58eaddab0b4990385f6d9477687b318d3ff2b,426
MFU-52348-1448-d1-1_S52,MFU,9e3091d91cb430d53c247201bf5a8266b67de7a1,413
MFU-52348-1448-d1-1_S52,MFU,41827a9122f80df86f2fb79d6968d5bdd266bee0,181
MFU-52348-1448-d1-1_S52,MFU,600244581e1f8d6e4a9ad277225a3e851138d422,127
MFU-52348-1450-d10-1_S60,MFU,943ca6a371dade9e002a4fb59e3283cfbbb29a68,43
MFU-52348-1449-d10-1_S59,MFU,943ca6a371dade9e002a4fb59e3283cfbbb29a68,108
MFU-52348-1450-d1-1_S54,MFU,943ca6a371dade9e002a4fb59e3283cfbbb29a68,1083
MFU-52348-1447-d1-3_S63,MFU,943ca6a371dade9e002a4fb59e3283cfbbb29a68,263
MFU-52348-1448-d1-1_S52,MFU,2ebf655a11a4e74a7b7c7a21fce09e6d376541cd,460
MFU-52348-1449-d1-1_S53,MFU,b61208ab31fef33a64ef82c5c4caea86f826ba89,219
MFU-52348-1445-d1-3_S61,MFU,6550b5b6e2d8946269402c743a11baeffe8ce624,129
MFU-52348-1448-d1-1_S52,MFU,6550b5b6e2d8946269402c743a11baeffe8ce624,1415
MFU-52348-1449-d1-1_S53,MFU,6550b5b6e2d8946269402c743a11baeffe8ce624,949
MFU-52348-1446-d1-3_S62,MFU,6550b5b6e2d8946269402c743a11baeffe8ce624,114
MFU-52348-1450-d1-1_S54,MFU,6550b5b6e2d8946269402c743a11baeffe8ce624,1118
MFU-52348-1445-d1-1_S49,MFU,9f0dff5a10b2961529245243298e7701617b7317,140
MFU-mock-even-d1-2_S65,MFU,03ac9e716fe523c4c84442c146d5a142dbaec2b8,5561
MFU-mock-even-d1-1_S64,MFU,03ac9e716fe523c4c84442c146d5a142dbaec2b8,6799
MFU-52348-1450-d1-1_S54,MFU,03ac9e716fe523c4c84442c146d5a142dbaec2b8,790
MFU-mock-even-d1-3_S66,MFU,03ac9e716fe523c4c84442c146d5a142dbaec2b8,4513
MFU-52348-1448-d10-1_S58,MFU,03ac9e716fe523c4c84442c146d5a142dbaec2b8,216
MFU-52348-1445-d1-3_S61,MFU,03ac9e716fe523c4c84442c146d5a142dbaec2b8,59
MFU-52348-1446-d1-3_S62,MFU,03ac9e716fe523c4c84442c146d5a142dbaec2b8,482
MFU-mock-skewed-d1-3_S69,MFU,03ac9e716fe523c4c84442c146d5a142dbaec2b8,4459
MFU-52348-1447-d1-1_S51,MFU,03ac9e716fe523c4c84442c146d5a142dbaec2b8,231
MFU-52348-1448-d1-1_S52,MFU,03ac9e716fe523c4c84442c146d5a142dbaec2b8,832
MFU-mock-skewed-d1-2_S68,MFU,03ac9e716fe523c4c84442c146d5a142dbaec2b8,5892
MFU-mock-skewed-d1-1_S67,MFU,03ac9e716fe523c4c84442c146d5a142dbaec2b8,1660
MFU-52348-1450-d1-1_S54,MFU,26239fd081ff9af84e3e48b1f3f51f25eb991caa,464
MFU-52348-1450-d1-1_S54,MFU,0a6c92d9fe241c8faf9ee4360b985f2d04dc565e,4644
MFU-52348-1447-d1-2_S57,MFU,0a6c92d9fe241c8faf9ee4360b985f2d04dc565e,252
MFU-52348-1446-d1-3_S62,MFU,0a6c92d9fe241c8faf9ee4360b985f2d04dc565e,656
MFU-52348-1448-d10-1_S58,MFU,0a6c92d9fe241c8faf9ee4360b985f2d04dc565e,297
MFU-52348-1449-d10-1_S59,MFU,0a6c92d9fe241c8faf9ee4360b985f2d04dc565e,199
MFU-52348-1446-d1-2_S56,MFU,0a6c92d9fe241c8faf9ee4360b985f2d04dc565e,110
MFU-52348-1447-d1-3_S63,MFU,0a6c92d9fe241c8faf9ee4360b985f2d04dc565e,274
MFU-52348-1448-d1-1_S52,MFU,0a6c92d9fe241c8faf9ee4360b985f2d04dc565e,5713
MFU-52348-1449-d1-1_S53,MFU,0a6c92d9fe241c8faf9ee4360b985f2d04dc565e,7810
MFU-52348-1447-d1-1_S51,MFU,0a6c92d9fe241c8faf9ee4360b985f2d04dc565e,210
MFU-52348-1450-d10-1_S60,MFU,0a6c92d9fe241c8faf9ee4360b985f2d04dc565e,173
MFU-52348-1445-d1-1_S49,MFU,0a6c92d9fe241c8faf9ee4360b985f2d04dc565e,79
MFU-52348-1445-d1-3_S61,MFU,92e367352aeed8b876b13ae8130c0716d155ca1d,132
MFU-52348-1450-d1-1_S54,MFU,92e367352aeed8b876b13ae8130c0716d155ca1d,1757
MFU-52348-1446-d1-2_S56,MFU,92e367352aeed8b876b13ae8130c0716d155ca1d,140
MFU-52348-1445-d1-2_S55,MFU,92e367352aeed8b876b13ae8130c0716d155ca1d,400
MFU-52348-1449-d1-1_S53,MFU,92e367352aeed8b876b13ae8130c0716d155ca1d,688
MFU-mock-even-d1-1_S64,MFU,6095b0f265fda1e690ea16c6d6b2a2ce8b7bafb4,5
MFU-52348-1450-d1-1_S54,MFU,d5bdf49349682112fa22c416db7fea394e18ae81,209
MFU-52348-1450-d1-1_S54,MFU,fc512b5d1328b1f2332b39b9d932afc4f57ccf9a,821
MFU-52348-1447-d1-2_S57,MFU,1ef902abb4df1796add402e489ca9483863eabf5,852
MFU-52348-1446-d1-3_S62,MFU,1ef902abb4df1796add402e489ca9483863eabf5,1668
MFU-52348-1446-d1-1_S50,MFU,1ef902abb4df1796add402e489ca9483863eabf5,254
MFU-52348-1447-d1-1_S51,MFU,1ef902abb4df1796add402e489ca9483863eabf5,116
MFU-52348-1445-d1-3_S61,MFU,1ef902abb4df1796add402e489ca9483863eabf5,347
MFU-52348-1445-d1-2_S55,MFU,1ef902abb4df1796add402e489ca9483863eabf5,960
MFU-52348-1446-d1-2_S56,MFU,1ef902abb4df1796add402e489ca9483863eabf5,412
MFU-52348-1445-d1-1_S49,MFU,1ef902abb4df1796add402e489ca9483863eabf5,558
MFU-52348-1447-d1-2_S57,MFU,4c02cb46d28425aa2171ead3455780affcb0e3d2,272
MFU-52348-1446-d1-1_S50,MFU,4c02cb46d28425aa2171ead3455780affcb0e3d2,239
MFU-mock-skewed-d1-1_S67,MFU,fe8e01e1080eac0ddd3ab3b57d749d9de0ee1fab,11090
MFU-mock-skewed-d1-2_S68,MFU,fe8e01e1080eac0ddd3ab3b57d749d9de0ee1fab,43026
MFU-mock-even-d1-3_S66,MFU,fe8e01e1080eac0ddd3ab3b57d749d9de0ee1fab,7406
MFU-mock-even-d1-1_S64,MFU,fe8e01e1080eac0ddd3ab3b57d749d9de0ee1fab,11805
MFU-mock-even-d1-2_S65,MFU,fe8e01e1080eac0ddd3ab3b57d749d9de0ee1fab,10704
MFU-mock-skewed-d1-3_S69,MFU,fe8e01e1080eac0ddd3ab3b57d749d9de0ee1fab,36009
MFU-52348-1448-d1-1_S52,MFU,34c72e05fee9147682747865dcf4a874e8e6dc29,634
MFU-52348-1450-d1-1_S54,MFU,34c72e05fee9147682747865dcf4a874e8e6dc29,665
MFU-52348-1450-d1-1_S54,MFU,4919eeb3d55142c5b54b0e221a9fe9eff4ba1c79,188
MFU-mock-even-d1-1_S64,MFU,33f414f04f67b77e2551443b860851b723139c9d,5
MFU-mock-even-d1-2_S65,MFU,33f414f04f67b77e2551443b860851b723139c9d,2
MFU-mock-even-d1-3_S66,MFU,33f414f04f67b77e2551443b860851b723139c9d,7
MFU-52348-1449-d1-1_S53,MFU,bb81f5f8792041fd9d67b58135ff2b68f51eefad,1388
MFU-52348-1450-d1-1_S54,MFU,bb81f5f8792041fd9d67b58135ff2b68f51eefad,225
MFU-52348-1446-d1-3_S62,MFU,f45e5611cabffd7c6aa0265033c70a755e7be4b5,267
MFU-mock-skewed-d1-2_S68,MFU,db6ed296bd2b264804b5c703a85fe676f272f170,7
MFU-52348-1445-d1-3_S61,MFU,202fbc12ca243f5af6d80ef9fb8a47d52bb8fd5b,150
MFU-52348-1446-d1-2_S56,MFU,202fbc12ca243f5af6d80ef9fb8a47d52bb8fd5b,177
MFU-52348-1446-d1-1_S50,MFU,5f9bf7628a8d1c63f6d96c4bcc28f91e3a87d438,396
MFU-52348-1447-d1-3_S63,MFU,5f9bf7628a8d1c63f6d96c4bcc28f91e3a87d438,600
MFU-52348-1447-d1-1_S51,MFU,5f9bf7628a8d1c63f6d96c4bcc28f91e3a87d438,142
MFU-52348-1445-d1-3_S61,MFU,5f9bf7628a8d1c63f6d96c4bcc28f91e3a87d438,169
MFU-52348-1446-d1-3_S62,MFU,5f9bf7628a8d1c63f6d96c4bcc28f91e3a87d438,737
MFU-52348-1447-d1-2_S57,MFU,d4ca26114dbce161f7c47f2ecbbe4dcbd5763c74,442
MFU-52348-1445-d1-2_S55,MFU,d4ca26114dbce161f7c47f2ecbbe4dcbd5763c74,297
MFU-52348-1445-d1-3_S61,MFU,d4ca26114dbce161f7c47f2ecbbe4dcbd5763c74,274
MFU-52348-1445-d1-1_S49,MFU,d4ca26114dbce161f7c47f2ecbbe4dcbd5763c74,743
MFU-52348-1446-d1-2_S56,MFU,d4ca26114dbce161f7c47f2ecbbe4dcbd5763c74,187
MFU-52348-1446-d1-1_S50,MFU,d4ca26114dbce161f7c47f2ecbbe4dcbd5763c74,342
MFU-52348-1447-d1-1_S51,MFU,d4ca26114dbce161f7c47f2ecbbe4dcbd5763c74,231
MFU-52348-1449-d1-1_S53,MFU,117aa1ba49002b52ad5da2e009ea52e5e60d6168,600
MFU-52348-1448-d10-1_S58,MFU,117aa1ba49002b52ad5da2e009ea52e5e60d6168,291
MFU-52348-1449-d1-1_S53,MFU,1dcd61bd5739c4b49c4fe8a76d1510a57a786547,40
MFU-52348-1449-d1-1_S53,MFU,064635c816e4f971241aa20967c87103cc966a26,507
MFU-52348-1445-d1-2_S55,MFU,064635c816e4f971241aa20967c87103cc966a26,132
MFU-52348-1448-d10-1_S58,MFU,064635c816e4f971241aa20967c87103cc966a26,585
MFU-52348-1445-d1-3_S61,MFU,064635c816e4f971241aa20967c87103cc966a26,140
MFU-52348-1450-d1-1_S54,MFU,064635c816e4f971241aa20967c87103cc966a26,372
MFU-52348-1445-d1-1_S49,MFU,064635c816e4f971241aa20967c87103cc966a26,198
MFU-mock-even-d1-3_S66,MFU,56b2b20cf03c23436c7a3693c3fb6d3fdc17ccc2,9
MFU-mock-skewed-d1-3_S69,MFU,56b2b20cf03c23436c7a3693c3fb6d3fdc17ccc2,27
MFU-mock-skewed-d1-1_S67,MFU,56b2b20cf03c23436c7a3693c3fb6d3fdc17ccc2,6
MFU-mock-even-d1-2_S65,MFU,56b2b20cf03c23436c7a3693c3fb6d3fdc17ccc2,10
MFU-mock-skewed-d1-2_S68,MFU,56b2b20cf03c23436c7a3693c3fb6d3fdc17ccc2,28
MFU-mock-even-d1-1_S64,MFU,1e2c6964d7d7aa5b5b0328a3f2a58c65ab9ab423,182
MFU-mock-even-d1-3_S66,MFU,1e2c6964d7d7aa5b5b0328a3f2a58c65ab9ab423,121
MFU-mock-even-d1-2_S65,MFU,1e2c6964d7d7aa5b5b0328a3f2a58c65ab9ab423,148
MFU-mock-skewed-d1-3_S69,MFU,1e2c6964d7d7aa5b5b0328a3f2a58c65ab9ab423,419
MFU-mock-skewed-d1-1_S67,MFU,1e2c6964d7d7aa5b5b0328a3f2a58c65ab9ab423,134
MFU-mock-skewed-d1-2_S68,MFU,1e2c6964d7d7aa5b5b0328a3f2a58c65ab9ab423,448
MFU-52462-252-d10-1_S76,MFU,9f02eab3a74e26e70a0e82fb4e7834f16b897a88,358
MFU-mock-skewed-d1-1_S67,MFU,98f92aa12195301ebbd47287eb23c45cffe10ffa,70
MFU-52472-005-d10-1_S74,MFU,98f92aa12195301ebbd47287eb23c45cffe10ffa,226
MFU-mock-even-d1-3_S66,MFU,98f92aa12195301ebbd47287eb23c45cffe10ffa,422
MFU-52472-007-d10-1_S75,MFU,98f92aa12195301ebbd47287eb23c45cffe10ffa,382
MFU-52462-252-d10-1_S76,MFU,98f92aa12195301ebbd47287eb23c45cffe10ffa,1153
MFU-mock-even-d1-2_S65,MFU,98f92aa12195301ebbd47287eb23c45cffe10ffa,593
MFU-mock-skewed-d1-3_S69,MFU,98f92aa12195301ebbd47287eb23c45cffe10ffa,195
MFU-mock-skewed-d1-2_S68,MFU,98f92aa12195301ebbd47287eb23c45cffe10ffa,279
MFU-52462-253-d10-1_S77,MFU,98f92aa12195301ebbd47287eb23c45cffe10ffa,3346
MFU-mock-even-d1-1_S64,MFU,98f92aa12195301ebbd47287eb23c45cffe10ffa,681
MFU-mock-skewed-d1-3_S69,MFU,82d2ca5faea5bec0e9ddf893aea2b2399ae27e8f,15131
MFU-mock-even-d1-3_S66,MFU,82d2ca5faea5bec0e9ddf893aea2b2399ae27e8f,4896
MFU-mock-skewed-d1-2_S68,MFU,82d2ca5faea5bec0e9ddf893aea2b2399ae27e8f,18135
MFU-mock-skewed-d1-1_S67,MFU,82d2ca5faea5bec0e9ddf893aea2b2399ae27e8f,4633
MFU-mock-even-d1-1_S64,MFU,82d2ca5faea5bec0e9ddf893aea2b2399ae27e8f,7589
MFU-mock-even-d1-2_S65,MFU,82d2ca5faea5bec0e9ddf893aea2b2399ae27e8f,6644
MFU-52348-1447-d1-3_S63,MFU,e5cd6e21743a3622ab0fd8072d6f67b5dd2961b6,645
MFU-52348-1445-d1-3_S61,MFU,e5cd6e21743a3622ab0fd8072d6f67b5dd2961b6,288
MFU-52348-1446-d1-2_S56,MFU,e5cd6e21743a3622ab0fd8072d6f67b5dd2961b6,646
MFU-52348-1446-d1-1_S50,MFU,e5cd6e21743a3622ab0fd8072d6f67b5dd2961b6,322
MFU-52348-1447-d1-2_S57,MFU,e5cd6e21743a3622ab0fd8072d6f67b5dd2961b6,616
MFU-52348-1447-d1-1_S51,MFU,e5cd6e21743a3622ab0fd8072d6f67b5dd2961b6,924
MFU-52348-1445-d1-2_S55,MFU,e5cd6e21743a3622ab0fd8072d6f67b5dd2961b6,727
MFU-52348-1446-d1-3_S62,MFU,e5cd6e21743a3622ab0fd8072d6f67b5dd2961b6,696
MFU-52348-1448-d1-1_S52,MFU,68199e2f8a44d3692f34ecb231f33ebeb91b326c,409
MFU-mock-even-d1-3_S66,MFU,d3a973efbba962488ffbf56a5faaec76ad1925a8,1446
MFU-52348-1447-d1-3_S63,MFU,d3a973efbba962488ffbf56a5faaec76ad1925a8,497
MFU-52348-1447-d1-2_S57,MFU,d3a973efbba962488ffbf56a5faaec76ad1925a8,192
MFU-52348-1449-d1-1_S53,MFU,d3a973efbba962488ffbf56a5faaec76ad1925a8,172
MFU-mock-even-d1-2_S65,MFU,d3a973efbba962488ffbf56a5faaec76ad1925a8,1993
MFU-52472-003-d10-1_S72,MFU,d3a973efbba962488ffbf56a5faaec76ad1925a8,1410
MFU-52348-1450-d1-1_S54,MFU,d3a973efbba962488ffbf56a5faaec76ad1925a8,199
MFU-mock-skewed-d1-1_S67,MFU,d3a973efbba962488ffbf56a5faaec76ad1925a8,1024
MFU-52348-1446-d1-2_S56,MFU,d3a973efbba962488ffbf56a5faaec76ad1925a8,295
MFU-52348-1448-d10-1_S58,MFU,d3a973efbba962488ffbf56a5faaec76ad1925a8,431
MFU-mock-even-d1-1_S64,MFU,d3a973efbba962488ffbf56a5faaec76ad1925a8,2237
MFU-52348-1445-d1-1_S49,MFU,d3a973efbba962488ffbf56a5faaec76ad1925a8,146
MFU-52348-1446-d1-1_S50,MFU,d3a973efbba962488ffbf56a5faaec76ad1925a8,290
MFU-52348-1445-d1-3_S61,MFU,d3a973efbba962488ffbf56a5faaec76ad1925a8,232
MFU-mock-skewed-d1-3_S69,MFU,d3a973efbba962488ffbf56a5faaec76ad1925a8,3216
MFU-52472-007-d10-1_S75,MFU,d3a973efbba962488ffbf56a5faaec76ad1925a8,742
MFU-52348-1448-d1-1_S52,MFU,d3a973efbba962488ffbf56a5faaec76ad1925a8,2205
MFU-mock-skewed-d1-2_S68,MFU,d3a973efbba962488ffbf56a5faaec76ad1925a8,4203
MFU-52348-1448-d1-1_S52,MFU,a31db6f13114f81acae0e8ac2001a9f41a47c9fc,414
MFU-52472-003-d10-1_S72,MFU,691062632d577631f39edfe5fd79063287da5c5e,835
MFU-52348-1445-d1-2_S55,MFU,77d8bad7d4311e026ac31184399233c3dc9808f1,84
MFU-52348-1450-d1-1_S54,MFU,93b30f4c24dd8a54403d779ed98cfd124dce551f,335
MFU-52348-1448-d1-1_S52,MFU,93b30f4c24dd8a54403d779ed98cfd124dce551f,509
MFU-52348-1449-d10-1_S59,MFU,9bd0dd02987b765e3e392dfa9be6521230f42861,51
MFU-52348-1449-d1-1_S53,MFU,40ed8ec1cea082f53b1a1d837464b361212aadd4,925
MFU-52348-1449-d10-1_S59,MFU,4fb788030c1048b92dff3db56805c8ef1cf5fc7d,63
MFU-52348-1448-d1-1_S52,MFU,64e62fde682610cb52b59ec5352fd2e3b0fa7083,145
MFU-52348-1446-d1-2_S56,MFU,2d069d6128ed64aa351b164d45bf7f6f5387f663,2815
MFU-52348-1450-d1-1_S54,MFU,2d069d6128ed64aa351b164d45bf7f6f5387f663,27483
MFU-52472-003-d10-1_S72,MFU,2d069d6128ed64aa351b164d45bf7f6f5387f663,1448
MFU-mock-even-d1-1_S64,MFU,2d069d6128ed64aa351b164d45bf7f6f5387f663,13450
MFU-mock-skewed-d1-1_S67,MFU,2d069d6128ed64aa351b164d45bf7f6f5387f663,4873
MFU-52348-1445-d1-3_S61,MFU,2d069d6128ed64aa351b164d45bf7f6f5387f663,1114
MFU-mock-even-d1-2_S65,MFU,2d069d6128ed64aa351b164d45bf7f6f5387f663,11907
MFU-52348-1448-d1-1_S52,MFU,2d069d6128ed64aa351b164d45bf7f6f5387f663,53027
MFU-52348-1447-d1-2_S57,MFU,2d069d6128ed64aa351b164d45bf7f6f5387f663,661
MFU-52348-1449-d10-1_S59,MFU,2d069d6128ed64aa351b164d45bf7f6f5387f663,1310
MFU-52472-005-d10-1_S74,MFU,2d069d6128ed64aa351b164d45bf7f6f5387f663,540
MFU-52348-1445-d1-1_S49,MFU,2d069d6128ed64aa351b164d45bf7f6f5387f663,807
MFU-52472-001-d10-1_S70,MFU,2d069d6128ed64aa351b164d45bf7f6f5387f663,40
MFU-52348-1445-d1-2_S55,MFU,2d069d6128ed64aa351b164d45bf7f6f5387f663,744
MFU-mock-skewed-d1-3_S69,MFU,2d069d6128ed64aa351b164d45bf7f6f5387f663,14687
MFU-52472-002-d10-1_S71,MFU,2d069d6128ed64aa351b164d45bf7f6f5387f663,190
MFU-mock-skewed-d1-2_S68,MFU,2d069d6128ed64aa351b164d45bf7f6f5387f663,18596
MFU-52348-1447-d1-3_S63,MFU,2d069d6128ed64aa351b164d45bf7f6f5387f663,1745
MFU-52348-1450-d10-1_S60,MFU,2d069d6128ed64aa351b164d45bf7f6f5387f663,811
MFU-mock-even-d1-3_S66,MFU,2d069d6128ed64aa351b164d45bf7f6f5387f663,8642
MFU-52348-1448-d10-1_S58,MFU,2d069d6128ed64aa351b164d45bf7f6f5387f663,5883
MFU-52348-1446-d1-1_S50,MFU,2d069d6128ed64aa351b164d45bf7f6f5387f663,5846
MFU-52472-007-d10-1_S75,MFU,2d069d6128ed64aa351b164d45bf7f6f5387f663,1014
MFU-52348-1446-d1-3_S62,MFU,2d069d6128ed64aa351b164d45bf7f6f5387f663,4518
MFU-52348-1447-d1-1_S51,MFU,2d069d6128ed64aa351b164d45bf7f6f5387f663,971
MFU-52348-1449-d1-1_S53,MFU,2d069d6128ed64aa351b164d45bf7f6f5387f663,42177
MFU-52348-1449-d1-1_S53,MFU,0403cd2586405833bf739cabd48609a8e7254635,471
MFU-52348-1448-d1-1_S52,MFU,b48bd0d0e1cb0963c256467984424a1e46f324ea,529
MFU-52348-1446-d1-3_S62,MFU,d20ad87fde551f34f74f13d7d71d7f783b9ce891,75
MFU-52348-1448-d1-1_S52,MFU,5ca7f79e952c69942ddd2483c47385a9b77fbeb2,174
MFU-52348-1448-d1-1_S52,MFU,b6007121dcaf6004b7ef07876e7ae390298175a2,266
MFU-52472-007-d10-1_S75,MFU,ed092148b884ffeb4d97388176fb5fa98eb641c3,140
MFU-52472-005-d10-1_S74,MFU,3a6a9122e22ef8cce1f5cb1d9da6fda8b3a157ef,1554
MFU-52472-007-d10-1_S75,MFU,3a6a9122e22ef8cce1f5cb1d9da6fda8b3a157ef,3290
MFU-52472-004-d10-1_S73,MFU,3a6a9122e22ef8cce1f5cb1d9da6fda8b3a157ef,96416
MFU-52472-003-d10-1_S72,MFU,3a6a9122e22ef8cce1f5cb1d9da6fda8b3a157ef,515
MFU-52472-004-d10-1_S73,MFU,d90584af287878e97dae50705b132047614fded1,179
MFU-52472-004-d10-1_S73,MFU,cb68cebc04349daa0a6c1c7e57c328ce5d0e4b51,432
MFU-52348-1448-d1-1_S52,MFU,9892ecbb2521a2d548e97755174f97227c88faf7,307
MFU-52348-1449-d10-1_S59,MFU,c794655019fac05cabe9439600ff2210bd467ad5,40
MFU-52348-1450-d1-1_S54,MFU,116e6a9ddc5bc31599200e13e8b0fd7cab66f032,162
MFU-52348-1448-d1-1_S52,MFU,f898bbb7b63dd2392c06b3abe6dea68ca4344203,525
MFU-52348-1448-d1-1_S52,MFU,02f2f75121e010c75b12a3c52f4c0d814e1fb184,289
MFU-52348-1448-d1-1_S52,MFU,5843699941af692bac72ddd303048914ead1820a,241
MFU-52348-1448-d1-1_S52,MFU,a165de3cd68f0bd83d48af5d3e600a5470915c73,218
MFU-52348-1450-d10-1_S60,MFU,25002a8665f2c1aa4d9665e278e7eb4dd204a4ef,61
MFU-52348-1449-d1-1_S53,MFU,d348c23013e4fa8ffe0fe3396d9f3451fe88db6b,62599
MFU-52348-1449-d10-1_S59,MFU,d348c23013e4fa8ffe0fe3396d9f3451fe88db6b,3765
MFU-52348-1446-d1-2_S56,MFU,d348c23013e4fa8ffe0fe3396d9f3451fe88db6b,1736
MFU-52348-1445-d1-3_S61,MFU,d348c23013e4fa8ffe0fe3396d9f3451fe88db6b,1581
MFU-52348-1445-d1-2_S55,MFU,d348c23013e4fa8ffe0fe3396d9f3451fe88db6b,929
MFU-52348-1450-d1-1_S54,MFU,d348c23013e4fa8ffe0fe3396d9f3451fe88db6b,43482
MFU-52348-1450-d10-1_S60,MFU,d348c23013e4fa8ffe0fe3396d9f3451fe88db6b,2949
MFU-52472-007-d10-1_S75,MFU,d348c23013e4fa8ffe0fe3396d9f3451fe88db6b,77
MFU-52348-1446-d1-3_S62,MFU,d348c23013e4fa8ffe0fe3396d9f3451fe88db6b,3477
MFU-52348-1448-d10-1_S58,MFU,d348c23013e4fa8ffe0fe3396d9f3451fe88db6b,19477
MFU-52348-1447-d1-2_S57,MFU,d348c23013e4fa8ffe0fe3396d9f3451fe88db6b,2559
MFU-52348-1446-d1-1_S50,MFU,d348c23013e4fa8ffe0fe3396d9f3451fe88db6b,4376
MFU-52472-005-d10-1_S74,MFU,d348c23013e4fa8ffe0fe3396d9f3451fe88db6b,281
MFU-52348-1448-d1-1_S52,MFU,d348c23013e4fa8ffe0fe3396d9f3451fe88db6b,58659
MFU-52348-1447-d1-3_S63,MFU,d348c23013e4fa8ffe0fe3396d9f3451fe88db6b,1946
MFU-52348-1445-d1-1_S49,MFU,d348c23013e4fa8ffe0fe3396d9f3451fe88db6b,4081
MFU-52348-1447-d1-1_S51,MFU,d348c23013e4fa8ffe0fe3396d9f3451fe88db6b,1732
MFU-52348-1450-d1-1_S54,MFU,09b7c8445f3ed0c6b700b8bd3f5715bf6f50fa2f,136
MFU-52348-1445-d1-3_S61,MFU,bfaa62d088f7f3f0836c6330c37b46ce12ff1545,61
MFU-52348-1448-d1-1_S52,MFU,945dc4b0443b9f20c0a3ef425f1a83a89bf1cad1,127
MFU-52348-1449-d1-1_S53,MFU,945dc4b0443b9f20c0a3ef425f1a83a89bf1cad1,209
MFU-52348-1449-d1-1_S53,MFU,a6f5080ecc0ff96599d0dc844ca7b7f2fbcad679,210
MFU-52348-1449-d1-1_S53,MFU,bb20ac83f08afe407be15b12d27519b2e9bc16bc,200
MFU-52348-1448-d10-1_S58,MFU,d9b449b3e8c1d316c406966dd2d4b9edd92cc066,235
MFU-52348-1450-d1-1_S54,MFU,d9b449b3e8c1d316c406966dd2d4b9edd92cc066,118
MFU-52348-1450-d10-1_S60,MFU,2bdd00eb36dda2a44b1c83ef594d52e78479b9aa,38
MFU-52348-1448-d1-1_S52,MFU,2bdd00eb36dda2a44b1c83ef594d52e78479b9aa,333
MFU-52348-1450-d1-1_S54,MFU,2bdd00eb36dda2a44b1c83ef594d52e78479b9aa,423
MFU-52348-1447-d1-1_S51,MFU,0e972baa35afb59a4d257c84963b2cabc2f4b08a,558
MFU-52348-1446-d1-2_S56,MFU,72d93a313d0244edae1cc9229ebd2525ddaec2ed,84
MFU-52348-1450-d1-1_S54,MFU,72d93a313d0244edae1cc9229ebd2525ddaec2ed,7331
MFU-52348-1447-d1-2_S57,MFU,72d93a313d0244edae1cc9229ebd2525ddaec2ed,406
MFU-52348-1448-d1-1_S52,MFU,72d93a313d0244edae1cc9229ebd2525ddaec2ed,6772
MFU-mock-even-d1-2_S65,MFU,72d93a313d0244edae1cc9229ebd2525ddaec2ed,9901
MFU-52348-1446-d1-3_S62,MFU,72d93a313d0244edae1cc9229ebd2525ddaec2ed,260
MFU-mock-skewed-d1-1_S67,MFU,72d93a313d0244edae1cc9229ebd2525ddaec2ed,7421
MFU-52348-1449-d1-1_S53,MFU,72d93a313d0244edae1cc9229ebd2525ddaec2ed,7899
MFU-52348-1448-d10-1_S58,MFU,72d93a313d0244edae1cc9229ebd2525ddaec2ed,3207
MFU-mock-even-d1-1_S64,MFU,72d93a313d0244edae1cc9229ebd2525ddaec2ed,11443
MFU-52348-1445-d1-1_S49,MFU,72d93a313d0244edae1cc9229ebd2525ddaec2ed,285
MFU-mock-skewed-d1-3_S69,MFU,72d93a313d0244edae1cc9229ebd2525ddaec2ed,24137
MFU-52348-1449-d10-1_S59,MFU,72d93a313d0244edae1cc9229ebd2525ddaec2ed,641
MFU-mock-even-d1-3_S66,MFU,72d93a313d0244edae1cc9229ebd2525ddaec2ed,7372
MFU-52348-1447-d1-3_S63,MFU,72d93a313d0244edae1cc9229ebd2525ddaec2ed,292
MFU-52348-1450-d10-1_S60,MFU,72d93a313d0244edae1cc9229ebd2525ddaec2ed,448
MFU-52348-1445-d1-3_S61,MFU,72d93a313d0244edae1cc9229ebd2525ddaec2ed,419
MFU-mock-skewed-d1-2_S68,MFU,72d93a313d0244edae1cc9229ebd2525ddaec2ed,30569
MFU-52348-1446-d1-1_S50,MFU,72d93a313d0244edae1cc9229ebd2525ddaec2ed,705
MFU-52348-1448-d1-1_S52,MFU,fb1af18ebee5904431459837154e203d470b9cc3,105
MFU-52348-1448-d10-1_S58,MFU,09d6c51d8166f80ceb6874a33d508b317d42e987,200
MFU-52348-1447-d1-2_S57,MFU,0e37d67cf705ef5a39ad2880df6de7ccecd75ac4,72
MFU-52348-1448-d1-1_S52,MFU,04cde9c3f582470d1f894a178bcf20b8f8040951,116
MFU-52348-1449-d1-1_S53,MFU,70e8e188ebdd7ea3d78d9c745f097cb48e934f95,27
MFU-52348-1445-d1-1_S49,MFU,caec2ef5ede658c58b42462942676b56f89869fd,137
MFU-52472-003-d10-1_S72,MFU,d650636c8a189abb9d160f6d437ae83ad30bf181,957
MFU-52348-1446-d1-3_S62,MFU,d650636c8a189abb9d160f6d437ae83ad30bf181,118
MFU-52348-1445-d1-1_S49,MFU,d650636c8a189abb9d160f6d437ae83ad30bf181,134
MFU-52472-007-d10-1_S75,MFU,d650636c8a189abb9d160f6d437ae83ad30bf181,282
MFU-52348-1447-d1-3_S63,MFU,d650636c8a189abb9d160f6d437ae83ad30bf181,97
MFU-52348-1450-d1-1_S54,MFU,d650636c8a189abb9d160f6d437ae83ad30bf181,377
MFU-52348-1450-d1-1_S54,MFU,2388a63c66eb39c03c474a4d0c9d7b0d99782629,1770
MFU-52472-003-d10-1_S72,MFU,2388a63c66eb39c03c474a4d0c9d7b0d99782629,13377
MFU-52472-001-d10-1_S70,MFU,2388a63c66eb39c03c474a4d0c9d7b0d99782629,702
MFU-52472-002-d10-1_S71,MFU,2388a63c66eb39c03c474a4d0c9d7b0d99782629,191
MFU-52472-004-d10-1_S73,MFU,2388a63c66eb39c03c474a4d0c9d7b0d99782629,566
MFU-52472-007-d10-1_S75,MFU,2388a63c66eb39c03c474a4d0c9d7b0d99782629,6161
MFU-52472-005-d10-1_S74,MFU,2388a63c66eb39c03c474a4d0c9d7b0d99782629,6908
MFU-52348-1446-d1-2_S56,MFU,2388a63c66eb39c03c474a4d0c9d7b0d99782629,553
MFU-52348-1445-d1-3_S61,MFU,2388a63c66eb39c03c474a4d0c9d7b0d99782629,141
MFU-52348-1449-d1-1_S53,MFU,2388a63c66eb39c03c474a4d0c9d7b0d99782629,529
MFU-52348-1445-d1-2_S55,MFU,2388a63c66eb39c03c474a4d0c9d7b0d99782629,91
MFU-52348-1447-d1-3_S63,MFU,2388a63c66eb39c03c474a4d0c9d7b0d99782629,193
MFU-52348-1446-d1-3_S62,MFU,2388a63c66eb39c03c474a4d0c9d7b0d99782629,983
MFU-52348-1448-d1-1_S52,MFU,2388a63c66eb39c03c474a4d0c9d7b0d99782629,961
MFU-52348-1445-d1-1_S49,MFU,2388a63c66eb39c03c474a4d0c9d7b0d99782629,298
MFU-52348-1446-d1-1_S50,MFU,2388a63c66eb39c03c474a4d0c9d7b0d99782629,427
MFU-52348-1447-d1-1_S51,MFU,2388a63c66eb39c03c474a4d0c9d7b0d99782629,169
MFU-52472-007-d10-1_S75,MFU,9742edaacbeebb08a67d704ce9968c950e4202f4,297
MFU-52472-007-d10-1_S75,MFU,10e44fa0e925a4099c04661edda137a6e81337ed,365
MFU-52348-1450-d1-1_S54,MFU,c2c6b9dfcb49da1bf0efbc81f3c1fd1edce7d87a,368
MFU-52348-1447-d1-2_S57,MFU,e55cb02360982c510552127c186f810aa5763ad4,25
MFU-mock-even-d1-3_S66,MFU,4590e896f059be5983879bb6e84286e33fa15e40,35
MFU-mock-skewed-d1-3_S69,MFU,4590e896f059be5983879bb6e84286e33fa15e40,88
MFU-mock-skewed-d1-1_S67,MFU,4590e896f059be5983879bb6e84286e33fa15e40,39
MFU-mock-even-d1-2_S65,MFU,4590e896f059be5983879bb6e84286e33fa15e40,50
MFU-mock-even-d1-1_S64,MFU,4590e896f059be5983879bb6e84286e33fa15e40,63
MFU-mock-skewed-d1-2_S68,MFU,4590e896f059be5983879bb6e84286e33fa15e40,145
MFU-52348-1448-d10-1_S58,MFU,8df5cbb04fcfc734150a1ce7edd31b958d0e8ac5,3
MFU-52472-005-d10-1_S74,MFU,478dd98db3a0a5b681d314fcd6aa476db6e43489,172
MFU-mock-even-d1-1_S64,MFU,478dd98db3a0a5b681d314fcd6aa476db6e43489,12800
MFU-52472-001-d10-1_S70,MFU,478dd98db3a0a5b681d314fcd6aa476db6e43489,1477
MFU-mock-skewed-d1-2_S68,MFU,478dd98db3a0a5b681d314fcd6aa476db6e43489,19014
MFU-mock-even-d1-3_S66,MFU,478dd98db3a0a5b681d314fcd6aa476db6e43489,8076
MFU-mock-skewed-d1-3_S69,MFU,478dd98db3a0a5b681d314fcd6aa476db6e43489,15178
MFU-52462-252-d10-1_S76,MFU,478dd98db3a0a5b681d314fcd6aa476db6e43489,2188
MFU-52462-253-d10-1_S77,MFU,478dd98db3a0a5b681d314fcd6aa476db6e43489,2649
MFU-mock-even-d1-2_S65,MFU,478dd98db3a0a5b681d314fcd6aa476db6e43489,11442
MFU-mock-skewed-d1-1_S67,MFU,478dd98db3a0a5b681d314fcd6aa476db6e43489,4769
MFU-52472-007-d10-1_S75,MFU,478dd98db3a0a5b681d314fcd6aa476db6e43489,730
MFU-52348-1447-d1-2_S57,MFU,bf2aee0e08c42cac9c82b2635afb40909640e85b,3
MFU-52348-1446-d1-3_S62,MFU,d35e32477ff076dab13bc2d5d6550ce21e069b19,212
MFU-52348-1450-d1-1_S54,MFU,d35e32477ff076dab13bc2d5d6550ce21e069b19,16672
MFU-52472-003-d10-1_S72,MFU,d35e32477ff076dab13bc2d5d6550ce21e069b19,1384
MFU-52348-1445-d1-1_S49,MFU,d35e32477ff076dab13bc2d5d6550ce21e069b19,120
MFU-52348-1446-d1-2_S56,MFU,d35e32477ff076dab13bc2d5d6550ce21e069b19,159
MFU-52348-1449-d1-1_S53,MFU,d35e32477ff076dab13bc2d5d6550ce21e069b19,15305
MFU-52348-1447-d1-2_S57,MFU,d35e32477ff076dab13bc2d5d6550ce21e069b19,115
MFU-52348-1446-d1-1_S50,MFU,d35e32477ff076dab13bc2d5d6550ce21e069b19,206
MFU-52348-1448-d10-1_S58,MFU,d35e32477ff076dab13bc2d5d6550ce21e069b19,601
MFU-52348-1448-d1-1_S52,MFU,d35e32477ff076dab13bc2d5d6550ce21e069b19,16872
MFU-52348-1445-d1-3_S61,MFU,d35e32477ff076dab13bc2d5d6550ce21e069b19,83
MFU-52348-1449-d10-1_S59,MFU,d35e32477ff076dab13bc2d5d6550ce21e069b19,278
MFU-52348-1450-d10-1_S60,MFU,d35e32477ff076dab13bc2d5d6550ce21e069b19,254
MFU-52348-1447-d1-1_S51,MFU,d35e32477ff076dab13bc2d5d6550ce21e069b19,88
MFU-52348-1449-d10-1_S59,MFU,fea39493e48ec06bf8dad549ba5f70f9556e12a4,81
MFU-mock-skewed-d1-3_S69,MFU,94222f0f86617ebb77eb9740b9ec925e6e2bfddb,16
MFU-mock-skewed-d1-2_S68,MFU,94222f0f86617ebb77eb9740b9ec925e6e2bfddb,39
MFU-mock-even-d1-2_S65,MFU,94222f0f86617ebb77eb9740b9ec925e6e2bfddb,20
MFU-mock-even-d1-1_S64,MFU,94222f0f86617ebb77eb9740b9ec925e6e2bfddb,29
MFU-mock-even-d1-3_S66,MFU,94222f0f86617ebb77eb9740b9ec925e6e2bfddb,13
MFU-mock-skewed-d1-3_S69,MFU,c6adf396d4bf11e1ba9fdeb834dbdc5206f4322a,5
MFU-52348-1448-d10-1_S58,MFU,30f545fd34031a25a35a41fb4c12a38bc94e55e8,230
MFU-52348-1448-d1-1_S52,MFU,30f545fd34031a25a35a41fb4c12a38bc94e55e8,32
MFU-52348-1446-d1-3_S62,MFU,9b8fa693606caa963e0bb775a850e0d2a820be41,130
MFU-52348-1446-d1-1_S50,MFU,9b8fa693606caa963e0bb775a850e0d2a820be41,65
MFU-52348-1445-d1-2_S55,MFU,5fb4e37154e6876ceacd6a6d488ed8b77125be2b,101
MFU-52348-1450-d1-1_S54,MFU,5fb4e37154e6876ceacd6a6d488ed8b77125be2b,62
MFU-52348-1446-d1-3_S62,MFU,5fb4e37154e6876ceacd6a6d488ed8b77125be2b,19
MFU-52348-1445-d1-3_S61,MFU,5fb4e37154e6876ceacd6a6d488ed8b77125be2b,189
MFU-52348-1448-d10-1_S58,MFU,5fb4e37154e6876ceacd6a6d488ed8b77125be2b,140
MFU-52348-1445-d1-1_S49,MFU,5fb4e37154e6876ceacd6a6d488ed8b77125be2b,192
MFU-52348-1449-d1-1_S53,MFU,5fb4e37154e6876ceacd6a6d488ed8b77125be2b,41
MFU-52348-1448-d1-1_S52,MFU,5fb4e37154e6876ceacd6a6d488ed8b77125be2b,57
MFU-52348-1450-d10-1_S60,MFU,5fb4e37154e6876ceacd6a6d488ed8b77125be2b,86
MFU-52348-1447-d1-1_S51,MFU,5fb4e37154e6876ceacd6a6d488ed8b77125be2b,68
MFU-52348-1446-d1-2_S56,MFU,5fb4e37154e6876ceacd6a6d488ed8b77125be2b,90
MFU-52348-1447-d1-3_S63,MFU,5fb4e37154e6876ceacd6a6d488ed8b77125be2b,52
MFU-52348-1447-d1-2_S57,MFU,5fb4e37154e6876ceacd6a6d488ed8b77125be2b,114
MFU-52348-1447-d1-2_S57,MFU,a298cc53456748d771cf77eb1472dd3642366248,86
MFU-52348-1447-d1-2_S57,MFU,1f3935eac61189f961a5c47bb0e85272c0b96b3f,407
MFU-52348-1445-d1-3_S61,MFU,1f3935eac61189f961a5c47bb0e85272c0b96b3f,360
MFU-52348-1447-d1-1_S51,MFU,1f3935eac61189f961a5c47bb0e85272c0b96b3f,94
MFU-52348-1445-d1-1_S49,MFU,1f3935eac61189f961a5c47bb0e85272c0b96b3f,76
MFU-mock-skewed-d1-2_S68,MFU,7ae19a9a639d63be9ff3600ca5239fa5ab16675c,5
MFU-mock-skewed-d1-3_S69,MFU,a5c2cfb7e508f7262f5f6e959eef47e0cd1ac335,3
MFU-mock-skewed-d1-2_S68,MFU,2b93ca71b7655dbdd97dc2f42fe84d13ea490115,5
MFU-52348-1450-d1-1_S54,MFU,227ce2b9ce020c3e503b1c33d3329a3d76cf8b73,399
MFU-52348-1449-d1-1_S53,MFU,407bf7c0b8ad332d10bb83e9e96e0ee1b258aaa8,45
