Sample_name,Label,Hash,nReads
MFU-52193-1445-d1-1_S200,MFU,ac09fcb91abf36143042bcf94d22c7768e985f01,33
MFU-52193-1767-d1-1_S259,MFU,988dfda85839e4cd8a9fba75159d5e0fd54f5388,2
MFU-52193-1716-d1-1_S251,MFU,4367f1cf165eddd3bb5d2561a82f729c15ab3e5e,319
MFU-52193-1633-d1-1_S236,MFU,97623c623aecee5e279d3826107cb4289b402b75,21
MFU-52193-1834-d1-1_S270,MFU,ec1563b2966b23b9495e8fc516594b0f90276172,12
MFU-52193-1690-d1-1_S247,MFU,6f91db7c7a50e720332a0fd6b2b67a5a832891a1,49
MFU-52193-1767-d1-1_S259,MFU,ab5b53fccec1624f985d3c8f3415317f8aa75773,7
MFU-52193-1519-d5-1_S214,MFU,c510effd0696a9586172d20341f8849e0068b638,2
MFU-52193-1755-d1-1_S257,MFU,c776ba060fc37d569a0ec2534d3bb1cadb5a6e6d,128
MFU-52193-1678-d1-1_S245,MFU,ce2ffac97cb886b445699097fee49e6188699252,3
MFU-52193-1804-d1-1_S265,MFU,8a99ee81d3fa9f75e60ec3b93b199221233eb8ab,448
MFU-52193-1690-d1-1_S247,MFU,8cf99dd0f69658ae19ec90274657d0c33d72ca30,5
MFU-52193-1816-d1-1_S267,MFU,8cf99dd0f69658ae19ec90274657d0c33d72ca30,3
MFU-52193-1495-d1-1_S210,MFU,900d8feab9eca61610f6ebf697da99aa39b10661,3
MFU-52193-1690-d1-1_S247,MFU,e2c6dadd66d6f2118d70bd02947ef35c42b9fb96,10
MFU-52193-1755-d1-1_S257,MFU,3cc2e564b20e8b6c346725e08c257782719dfd1b,7
MFU-52193-1447-d5-1_S201,MFU,6eb45bc4245032c2182b9b90e95f8332db36397f,40
MFU-52193-1834-d1-1_S270,MFU,d2d2fb03af73734928baeb8cd2e777f6d53b7dd9,22
MFU-52193-1794-d1-1_S264,MFU,968878ca38faf8b8223c75cc21ebe62e0609311a,365
MFU-52193-1583-d1-1_S228,MFU,abd5a560f53dd4027773ce9f33e10b1b43f3228c,21
MFU-52193-1678-d1-1_S245,MFU,abd5a560f53dd4027773ce9f33e10b1b43f3228c,14
MFU-52193-1887-d1-1_S282,MFU,3f419aa26998dca872108998907b583fbe34408c,45
MFU-52193-1470-d1-1_S204,MFU,3f419aa26998dca872108998907b583fbe34408c,4
MFU-52193-1519-d5-1_S214,MFU,2076b2e2cd8148493596ffd216a60d75fc15c193,12
MFU-52193-1755-d1-1_S257,MFU,f0f0ec89e66d1e0f91919fa28cb60ccbc5718845,405
MFU-52193-1447-d5-1_S201,MFU,c50c28c59eed70b461ec1065f40c1fe83bd452f4,10
MFU-52193-1585-d1-1_S229,MFU,b0440d232e55fed6be552947b36b2a6d8045b468,51
MFU-52193-1525-d1-1_S215,MFU,7146b44fcea9974e1fbc8f529faed7e6fd5e0312,4
MFU-positive-control-d1-1_S287,MFU,44788d7e28fa3d930d177785be4b0d41d52862db,10
MFU-52193-1843-d5-1_S275,MFU,0b7a1498c21e94a84949c60c0b68cd4b2402e4ae,956
MFU-52193-1867-d1-1_S277,MFU,0b7a1498c21e94a84949c60c0b68cd4b2402e4ae,3
MFU-52193-1853-d1-1_S276,MFU,0b7a1498c21e94a84949c60c0b68cd4b2402e4ae,20
MFU-52193-1525-d1-1_S215,MFU,5d8982317960a2808a7079bed9c48153c37ae8a8,339
MFU-52193-1816-d1-1_S267,MFU,5d8982317960a2808a7079bed9c48153c37ae8a8,795
MFU-52193-1704-d1-1_S249,MFU,57b8e6bb272d3b455e6af9bc845eab53580d2b01,1715
MFU-52193-1525-d1-1_S215,MFU,57b8e6bb272d3b455e6af9bc845eab53580d2b01,1660
MFU-52193-1472-d5-1_S206,MFU,57b8e6bb272d3b455e6af9bc845eab53580d2b01,527
MFU-52193-1840-d1-1_S273,MFU,57b8e6bb272d3b455e6af9bc845eab53580d2b01,533
MFU-52193-1816-d1-1_S267,MFU,57b8e6bb272d3b455e6af9bc845eab53580d2b01,4814
MFU-52193-1470-d1-1_S204,MFU,57b8e6bb272d3b455e6af9bc845eab53580d2b01,566
MFU-52193-1409-d1-1_S196,MFU,57b8e6bb272d3b455e6af9bc845eab53580d2b01,753
MFU-52193-1403-d5-1_S195,MFU,57b8e6bb272d3b455e6af9bc845eab53580d2b01,63
MFU-52193-1804-d1-1_S265,MFU,57b8e6bb272d3b455e6af9bc845eab53580d2b01,938
MFU-52193-1879-d1-1_S280,MFU,191a0612d8ddff9212ba6e5f412063f5e10aa0ed,1016
MFU-52193-1782-d1-1_S262,MFU,44c27c5237d762fe66c694cedaba167b3d605c0f,7124
MFU-52193-1436-d1-1_S199,MFU,44c27c5237d762fe66c694cedaba167b3d605c0f,43
MFU-52193-1395-d5-1_S193,MFU,44c27c5237d762fe66c694cedaba167b3d605c0f,6
MFU-52193-1794-d1-1_S264,MFU,44c27c5237d762fe66c694cedaba167b3d605c0f,8569
MFU-52193-1806-d1-1_S266,MFU,44c27c5237d762fe66c694cedaba167b3d605c0f,5194
MFU-52193-1403-d5-1_S195,MFU,44c27c5237d762fe66c694cedaba167b3d605c0f,1788
MFU-52193-1423-d1-1_S197,MFU,44c27c5237d762fe66c694cedaba167b3d605c0f,227
MFU-52193-1836-d1-1_S271,MFU,56b85a262e73a6e60ef0c6d33c4d23a70da33cc0,147
MFU-52193-1843-d1-1_S274,MFU,56b85a262e73a6e60ef0c6d33c4d23a70da33cc0,284
MFU-52193-1879-d5-1_S281,MFU,56b85a262e73a6e60ef0c6d33c4d23a70da33cc0,2114
MFU-52193-1525-d1-1_S215,MFU,56b85a262e73a6e60ef0c6d33c4d23a70da33cc0,3240
MFU-52193-1409-d1-1_S196,MFU,56b85a262e73a6e60ef0c6d33c4d23a70da33cc0,271
MFU-52193-1887-d1-1_S282,MFU,56b85a262e73a6e60ef0c6d33c4d23a70da33cc0,49
MFU-52193-1495-d1-1_S210,MFU,56b85a262e73a6e60ef0c6d33c4d23a70da33cc0,252
MFU-52193-1571-d1-1_S226,MFU,56b85a262e73a6e60ef0c6d33c4d23a70da33cc0,5237
MFU-52193-1834-d1-1_S270,MFU,56b85a262e73a6e60ef0c6d33c4d23a70da33cc0,284
MFU-52193-1877-d1-1_S279,MFU,56b85a262e73a6e60ef0c6d33c4d23a70da33cc0,21
MFU-52193-1892-d1-1_S283,MFU,56b85a262e73a6e60ef0c6d33c4d23a70da33cc0,752
MFU-52193-1538-d1-1_S220,MFU,56b85a262e73a6e60ef0c6d33c4d23a70da33cc0,3107
MFU-52193-1879-d1-1_S280,MFU,56b85a262e73a6e60ef0c6d33c4d23a70da33cc0,8389
MFU-52193-1704-d1-1_S249,MFU,56b85a262e73a6e60ef0c6d33c4d23a70da33cc0,896
MFU-52193-1716-d1-1_S251,MFU,56b85a262e73a6e60ef0c6d33c4d23a70da33cc0,917
MFU-52193-1840-d1-1_S273,MFU,56b85a262e73a6e60ef0c6d33c4d23a70da33cc0,582
MFU-52193-1585-d1-1_S229,MFU,56b85a262e73a6e60ef0c6d33c4d23a70da33cc0,99
MFU-52193-1806-d1-1_S266,MFU,56b85a262e73a6e60ef0c6d33c4d23a70da33cc0,3679
MFU-52193-1836-d5-1_S272,MFU,56b85a262e73a6e60ef0c6d33c4d23a70da33cc0,29245
MFU-52193-1397-d1-1_S194,MFU,56b85a262e73a6e60ef0c6d33c4d23a70da33cc0,785
MFU-52193-1782-d1-1_S262,MFU,56b85a262e73a6e60ef0c6d33c4d23a70da33cc0,6644
MFU-52193-1828-d5-1_S269,MFU,56b85a262e73a6e60ef0c6d33c4d23a70da33cc0,17958
MFU-52193-1482-d1-1_S207,MFU,56b85a262e73a6e60ef0c6d33c4d23a70da33cc0,592
MFU-52193-1678-d1-1_S245,MFU,56b85a262e73a6e60ef0c6d33c4d23a70da33cc0,559
MFU-52193-1904-d1-1_S285,MFU,05beb2067aaa82c9a910070f882f49207f769988,1475
MFU-52193-1834-d1-1_S270,MFU,ab0afee321a4390f0343539e2364cdd8780fb810,144
MFU-52193-1598-d1-1_S231,MFU,30ff5ffa835ac9e0bc624106a571dca5fd89d309,428
MFU-52193-1542-d1-1_S221,MFU,30ff5ffa835ac9e0bc624106a571dca5fd89d309,858
MFU-52193-1585-d1-1_S229,MFU,30ff5ffa835ac9e0bc624106a571dca5fd89d309,355
MFU-52193-1716-d1-1_S251,MFU,4e425a62a06a4bc75fd852e02437a475ccb755b0,12835
MFU-52193-1716-d1-1_S251,MFU,7bcd8548199c28f5c62af3cd6888d5fba55c2264,454
MFU-52193-1525-d1-1_S215,MFU,15903b34a9ddf3e5fac7751a3fb4553cba9c950a,681
MFU-52193-1716-d1-1_S251,MFU,8bc60b5cc0d7127a289b0c62fb36858e2bcd099a,503
MFU-52193-1662-d5-1_S242,MFU,c0a1d3eecb55f929e38b647f899246418eb9bbd0,29768
MFU-52193-1436-d1-1_S199,MFU,de1fddf74ca75f21163d6f87d69f168ed67d7da9,13
MFU-52193-1409-d1-1_S196,MFU,aabaacb514c28f7a8f1ea297cb676935daba8092,2040
MFU-52193-1542-d5-1_S222,MFU,aabaacb514c28f7a8f1ea297cb676935daba8092,3
MFU-52193-1887-d1-1_S282,MFU,aabaacb514c28f7a8f1ea297cb676935daba8092,123
MFU-52193-1792-d1-1_S263,MFU,aabaacb514c28f7a8f1ea297cb676935daba8092,5676
MFU-52193-1621-d1-1_S234,MFU,aabaacb514c28f7a8f1ea297cb676935daba8092,1509
MFU-52193-1779-d1-1_S261,MFU,aabaacb514c28f7a8f1ea297cb676935daba8092,9140
MFU-52193-1517-d1-1_S213,MFU,aabaacb514c28f7a8f1ea297cb676935daba8092,2645
MFU-52193-1472-d5-1_S206,MFU,aabaacb514c28f7a8f1ea297cb676935daba8092,484
MFU-52193-1495-d1-1_S210,MFU,aabaacb514c28f7a8f1ea297cb676935daba8092,512
MFU-52193-1816-d1-1_S267,MFU,aabaacb514c28f7a8f1ea297cb676935daba8092,12604
MFU-52193-1519-d5-1_S214,MFU,aabaacb514c28f7a8f1ea297cb676935daba8092,447
MFU-52193-1892-d1-1_S283,MFU,aabaacb514c28f7a8f1ea297cb676935daba8092,2339
MFU-52193-1445-d1-1_S200,MFU,aabaacb514c28f7a8f1ea297cb676935daba8092,3123
MFU-52193-1510-d5-1_S212,MFU,aabaacb514c28f7a8f1ea297cb676935daba8092,851
MFU-52193-1690-d1-1_S247,MFU,aabaacb514c28f7a8f1ea297cb676935daba8092,913
MFU-52193-1877-d1-1_S279,MFU,aabaacb514c28f7a8f1ea297cb676935daba8092,30
MFU-52193-1583-d1-1_S228,MFU,aabaacb514c28f7a8f1ea297cb676935daba8092,1060
MFU-52193-1571-d1-1_S226,MFU,aabaacb514c28f7a8f1ea297cb676935daba8092,3075
MFU-52193-1595-d1-1_S230,MFU,aabaacb514c28f7a8f1ea297cb676935daba8092,9138
MFU-52193-1804-d1-1_S265,MFU,aabaacb514c28f7a8f1ea297cb676935daba8092,9324
MFU-52193-1879-d5-1_S281,MFU,aabaacb514c28f7a8f1ea297cb676935daba8092,1033
MFU-52193-1898-d1-1_S284,MFU,aabaacb514c28f7a8f1ea297cb676935daba8092,2169
MFU-52193-1423-d1-1_S197,MFU,8d749728e63876017505e400940864cbcec50427,231
MFU-52193-1495-d1-1_S210,MFU,5c904150e06ab76c29fabf54aeb7e24119a071aa,958
MFU-52193-1423-d1-1_S197,MFU,e7f34878da3267611b729e70dd19f1c30dfbce31,427
MFU-52193-1457-d5-1_S202,MFU,a583d9e9887708ca96530baa93bf91ecc5320e93,1157
MFU-52193-1655-d1-1_S239,MFU,6c49506da20cc547068ee28d02b3031d23916380,1
MFU-52193-1542-d5-1_S222,MFU,6c49506da20cc547068ee28d02b3031d23916380,6
MFU-52193-1767-d1-1_S259,MFU,6c49506da20cc547068ee28d02b3031d23916380,472
MFU-52193-1470-d1-1_S204,MFU,6c49506da20cc547068ee28d02b3031d23916380,1204
MFU-52193-1583-d1-1_S228,MFU,6c49506da20cc547068ee28d02b3031d23916380,944
MFU-52193-1447-d5-1_S201,MFU,6c49506da20cc547068ee28d02b3031d23916380,7678
MFU-52193-1877-d1-1_S279,MFU,6c49506da20cc547068ee28d02b3031d23916380,57
MFU-52193-1445-d1-1_S200,MFU,6c49506da20cc547068ee28d02b3031d23916380,14847
MFU-52193-1867-d5-1_S278,MFU,6c49506da20cc547068ee28d02b3031d23916380,191
MFU-52193-1423-d1-1_S197,MFU,6c49506da20cc547068ee28d02b3031d23916380,227043
MFU-52193-1595-d1-1_S230,MFU,6c49506da20cc547068ee28d02b3031d23916380,2189
MFU-52193-1633-d1-1_S236,MFU,6c49506da20cc547068ee28d02b3031d23916380,1281
MFU-52193-1598-d1-1_S231,MFU,6c49506da20cc547068ee28d02b3031d23916380,1144
MFU-52193-1495-d1-1_S210,MFU,6c49506da20cc547068ee28d02b3031d23916380,411
MFU-52193-1525-d1-1_S215,MFU,6c49506da20cc547068ee28d02b3031d23916380,545
MFU-52193-1585-d1-1_S229,MFU,6c49506da20cc547068ee28d02b3031d23916380,57277
MFU-52193-1694-d1-1_S248,MFU,6c49506da20cc547068ee28d02b3031d23916380,441
MFU-52193-1769-d1-1_S260,MFU,6c49506da20cc547068ee28d02b3031d23916380,2818
MFU-52193-1472-d5-1_S206,MFU,6c49506da20cc547068ee28d02b3031d23916380,10630
MFU-52193-1561-d5-1_S225,MFU,6c49506da20cc547068ee28d02b3031d23916380,14738
MFU-52193-1746-d1-1_S256,MFU,6c49506da20cc547068ee28d02b3031d23916380,1592
MFU-52193-1436-d1-1_S199,MFU,6c49506da20cc547068ee28d02b3031d23916380,36241
MFU-52193-1792-d1-1_S263,MFU,6c49506da20cc547068ee28d02b3031d23916380,10489
MFU-52193-1804-d1-1_S265,MFU,6c49506da20cc547068ee28d02b3031d23916380,3339
MFU-52193-1510-d5-1_S212,MFU,6c49506da20cc547068ee28d02b3031d23916380,6856
MFU-52193-1542-d1-1_S221,MFU,6c49506da20cc547068ee28d02b3031d23916380,2062
MFU-52193-1794-d1-1_S264,MFU,6c49506da20cc547068ee28d02b3031d23916380,2360
MFU-52193-1517-d1-1_S213,MFU,6c49506da20cc547068ee28d02b3031d23916380,2691
MFU-52193-1519-d5-1_S214,MFU,6c49506da20cc547068ee28d02b3031d23916380,1540
MFU-52193-1485-d5-1_S209,MFU,6c49506da20cc547068ee28d02b3031d23916380,9780
MFU-52193-1409-d1-1_S196,MFU,428443da8c7d128ecba78f332d718fe9f6018b54,384
MFU-52193-1445-d1-1_S200,MFU,428443da8c7d128ecba78f332d718fe9f6018b54,1176
MFU-52193-1470-d1-1_S204,MFU,428443da8c7d128ecba78f332d718fe9f6018b54,881
MFU-52193-1583-d1-1_S228,MFU,428443da8c7d128ecba78f332d718fe9f6018b54,3476
MFU-52193-1816-d1-1_S267,MFU,428443da8c7d128ecba78f332d718fe9f6018b54,1560
MFU-52193-1769-d1-1_S260,MFU,428443da8c7d128ecba78f332d718fe9f6018b54,374
MFU-52193-1517-d1-1_S213,MFU,428443da8c7d128ecba78f332d718fe9f6018b54,940
MFU-52193-1792-d1-1_S263,MFU,428443da8c7d128ecba78f332d718fe9f6018b54,875
MFU-52193-1680-d1-1_S246,MFU,428443da8c7d128ecba78f332d718fe9f6018b54,1185
MFU-52193-1495-d1-1_S210,MFU,428443da8c7d128ecba78f332d718fe9f6018b54,247
MFU-52193-1510-d5-1_S212,MFU,428443da8c7d128ecba78f332d718fe9f6018b54,490
MFU-52193-1561-d5-1_S225,MFU,428443da8c7d128ecba78f332d718fe9f6018b54,3265
MFU-52193-1519-d5-1_S214,MFU,aa998c77f57e08eeeb82e07af594d6e6f6f4e5d3,1753
MFU-52193-1517-d1-1_S213,MFU,aa998c77f57e08eeeb82e07af594d6e6f6f4e5d3,4797
MFU-52193-1792-d1-1_S263,MFU,0f59d106b90c583642336471ea1e5122c942640d,4
MFU-52193-1445-d1-1_S200,MFU,3f9abbdce7df0816d964a229893efdb0fb091735,962
MFU-52193-1843-d1-1_S274,MFU,461cd290edf55c45339ec67b50765eb32183a899,29
MFU-52193-1816-d1-1_S267,MFU,7aecebc35f8d58934318b7c812197aec7822a1bb,1234
MFU-52193-1779-d1-1_S261,MFU,cb8dd23494d4b60b39959aab123c32f1adccef0c,2169
MFU-52193-1879-d1-1_S280,MFU,f03cbc111c922b7c1a35f88b1cef9654d75fb97f,1446
MFU-52193-1423-d1-1_S197,MFU,f03cbc111c922b7c1a35f88b1cef9654d75fb97f,6268
MFU-52193-1436-d1-1_S199,MFU,f03cbc111c922b7c1a35f88b1cef9654d75fb97f,18591
MFU-52193-1395-d5-1_S193,MFU,f03cbc111c922b7c1a35f88b1cef9654d75fb97f,64
MFU-52193-1472-d5-1_S206,MFU,f03cbc111c922b7c1a35f88b1cef9654d75fb97f,433
MFU-52193-1447-d5-1_S201,MFU,f03cbc111c922b7c1a35f88b1cef9654d75fb97f,9403
MFU-52193-1403-d5-1_S195,MFU,f03cbc111c922b7c1a35f88b1cef9654d75fb97f,1091
MFU-52193-1423-d1-1_S197,MFU,da01affc131d105d45c7f25419c7b1c861975b4c,173
MFU-52193-1792-d1-1_S263,MFU,43b909b3b0e691139964257bdafbab12bd17f32e,6633
MFU-52193-1690-d1-1_S247,MFU,75bd82775db1ff8b93d7cce8b1e81935f84f8d78,4
MFU-52193-1621-d1-1_S234,MFU,ba68c072865cd525bd0f9477564611c4554526b9,12
MFU-52193-1472-d5-1_S206,MFU,d6f69979e2e7c50e468fdb7a4ad00eb8296b8bf9,472
MFU-52193-1794-d1-1_S264,MFU,d6f69979e2e7c50e468fdb7a4ad00eb8296b8bf9,230
MFU-52193-1482-d1-1_S207,MFU,d6f69979e2e7c50e468fdb7a4ad00eb8296b8bf9,113
MFU-52193-1485-d5-1_S209,MFU,d6f69979e2e7c50e468fdb7a4ad00eb8296b8bf9,27
MFU-52193-1769-d1-1_S260,MFU,d6f69979e2e7c50e468fdb7a4ad00eb8296b8bf9,16
MFU-52193-1779-d1-1_S261,MFU,d6f69979e2e7c50e468fdb7a4ad00eb8296b8bf9,50
MFU-52193-1495-d1-1_S210,MFU,d6f69979e2e7c50e468fdb7a4ad00eb8296b8bf9,22
MFU-52193-1542-d1-1_S221,MFU,d6f69979e2e7c50e468fdb7a4ad00eb8296b8bf9,7
MFU-52193-1525-d1-1_S215,MFU,d6f69979e2e7c50e468fdb7a4ad00eb8296b8bf9,154
MFU-52193-1867-d5-1_S278,MFU,d6f69979e2e7c50e468fdb7a4ad00eb8296b8bf9,46
MFU-52193-1746-d1-1_S256,MFU,d6f69979e2e7c50e468fdb7a4ad00eb8296b8bf9,1771
MFU-52193-1517-d1-1_S213,MFU,d6f69979e2e7c50e468fdb7a4ad00eb8296b8bf9,141
MFU-52193-1664-d1-1_S243,MFU,d6f69979e2e7c50e468fdb7a4ad00eb8296b8bf9,66
MFU-52193-1519-d5-1_S214,MFU,d6f69979e2e7c50e468fdb7a4ad00eb8296b8bf9,19
MFU-52193-1547-d1-1_S223,MFU,d6f69979e2e7c50e468fdb7a4ad00eb8296b8bf9,77
MFU-52193-1887-d1-1_S282,MFU,d6f69979e2e7c50e468fdb7a4ad00eb8296b8bf9,186
MFU-52193-1678-d1-1_S245,MFU,d6f69979e2e7c50e468fdb7a4ad00eb8296b8bf9,635
MFU-52193-1716-d1-1_S251,MFU,d6f69979e2e7c50e468fdb7a4ad00eb8296b8bf9,2
MFU-52193-1853-d1-1_S276,MFU,d6f69979e2e7c50e468fdb7a4ad00eb8296b8bf9,3
MFU-52193-1690-d1-1_S247,MFU,d6f69979e2e7c50e468fdb7a4ad00eb8296b8bf9,134
MFU-52193-1571-d1-1_S226,MFU,d6f69979e2e7c50e468fdb7a4ad00eb8296b8bf9,79
MFU-52193-1733-d1-1_S255,MFU,d6f69979e2e7c50e468fdb7a4ad00eb8296b8bf9,124
MFU-52193-1755-d1-1_S257,MFU,d6f69979e2e7c50e468fdb7a4ad00eb8296b8bf9,342
MFU-52193-1470-d1-1_S204,MFU,d6f69979e2e7c50e468fdb7a4ad00eb8296b8bf9,1318
MFU-52193-1457-d5-1_S202,MFU,d6f69979e2e7c50e468fdb7a4ad00eb8296b8bf9,347
MFU-52193-1445-d1-1_S200,MFU,d6f69979e2e7c50e468fdb7a4ad00eb8296b8bf9,16
MFU-52193-1653-d1-1_S238,MFU,d6f69979e2e7c50e468fdb7a4ad00eb8296b8bf9,4
MFU-52193-1423-d1-1_S197,MFU,d6f69979e2e7c50e468fdb7a4ad00eb8296b8bf9,6
MFU-52193-1694-d1-1_S248,MFU,d6f69979e2e7c50e468fdb7a4ad00eb8296b8bf9,309
MFU-52193-1598-d1-1_S231,MFU,d6f69979e2e7c50e468fdb7a4ad00eb8296b8bf9,4
MFU-52193-1792-d1-1_S263,MFU,d6f69979e2e7c50e468fdb7a4ad00eb8296b8bf9,26
MFU-52193-1840-d1-1_S273,MFU,d6f69979e2e7c50e468fdb7a4ad00eb8296b8bf9,94
MFU-52193-1898-d1-1_S284,MFU,d6f69979e2e7c50e468fdb7a4ad00eb8296b8bf9,26042
MFU-52193-1528-d5-1_S216,MFU,d6f69979e2e7c50e468fdb7a4ad00eb8296b8bf9,51
MFU-52193-1804-d1-1_S265,MFU,d6f69979e2e7c50e468fdb7a4ad00eb8296b8bf9,168
MFU-52193-1595-d1-1_S230,MFU,d6f69979e2e7c50e468fdb7a4ad00eb8296b8bf9,59
MFU-52193-1834-d1-1_S270,MFU,d6f69979e2e7c50e468fdb7a4ad00eb8296b8bf9,79
MFU-52193-1843-d5-1_S275,MFU,d6f69979e2e7c50e468fdb7a4ad00eb8296b8bf9,125
MFU-52193-1806-d1-1_S266,MFU,d6f69979e2e7c50e468fdb7a4ad00eb8296b8bf9,5
MFU-52193-1510-d5-1_S212,MFU,2fffa148d7b8dcd4d882125ea23a207854ef72be,729
MFU-52193-1598-d1-1_S231,MFU,2fffa148d7b8dcd4d882125ea23a207854ef72be,258
MFU-52193-1423-d1-1_S197,MFU,2fffa148d7b8dcd4d882125ea23a207854ef72be,226
MFU-52193-1879-d1-1_S280,MFU,71c6f9598fb769e07a7b42131632e75b92233755,2946
MFU-52193-1806-d1-1_S266,MFU,70a995696c3b49e30c092a3cee9fdefd707e14f2,3288
MFU-52193-1585-d1-1_S229,MFU,70a995696c3b49e30c092a3cee9fdefd707e14f2,166
MFU-52193-1879-d1-1_S280,MFU,70a995696c3b49e30c092a3cee9fdefd707e14f2,2265
MFU-52193-1867-d5-1_S278,MFU,70a995696c3b49e30c092a3cee9fdefd707e14f2,727
MFU-52193-1769-d1-1_S260,MFU,60e64b3d12bafa7dd1aeee3c2e45ca5b30986665,581
MFU-52193-1680-d1-1_S246,MFU,082ed5534eeb91043d69ce67e146acc44957d27a,1440
MFU-52193-1769-d1-1_S260,MFU,d93617fb8e3ae99104db35c9a6fcc3303ddd817e,772
MFU-52193-1792-d1-1_S263,MFU,d93617fb8e3ae99104db35c9a6fcc3303ddd817e,4745
MFU-52193-1782-d1-1_S262,MFU,9755cb23059d24938c2b72db2953387958f6a829,1261
MFU-52193-1585-d1-1_S229,MFU,7f27c81ca8300edd99652258410bebeb75b5b7ce,123
MFU-52193-1680-d1-1_S246,MFU,7f27c81ca8300edd99652258410bebeb75b5b7ce,2462
MFU-52193-1423-d1-1_S197,MFU,7f27c81ca8300edd99652258410bebeb75b5b7ce,753
MFU-52193-1843-d1-1_S274,MFU,7f27c81ca8300edd99652258410bebeb75b5b7ce,9015
MFU-52193-1769-d1-1_S260,MFU,7f27c81ca8300edd99652258410bebeb75b5b7ce,1966
MFU-52193-1598-d1-1_S231,MFU,7f27c81ca8300edd99652258410bebeb75b5b7ce,833
MFU-52193-1436-d1-1_S199,MFU,7f27c81ca8300edd99652258410bebeb75b5b7ce,88
MFU-52193-1853-d1-1_S276,MFU,7f27c81ca8300edd99652258410bebeb75b5b7ce,11
MFU-52193-1843-d5-1_S275,MFU,7f27c81ca8300edd99652258410bebeb75b5b7ce,709
MFU-52193-1782-d1-1_S262,MFU,1439ca966686529a5118bea955038d58bc1a5467,856
MFU-52193-1423-d1-1_S197,MFU,b4810e30be9f0b06d1ed483d8c627db84d190227,256
MFU-52193-1877-d1-1_S279,MFU,ccc7049d033d06a5d71fb95278f438f567be4a51,7
MFU-52193-1436-d1-1_S199,MFU,ccc7049d033d06a5d71fb95278f438f567be4a51,36
MFU-52193-1782-d1-1_S262,MFU,ccc7049d033d06a5d71fb95278f438f567be4a51,813
MFU-52193-1769-d1-1_S260,MFU,ccc7049d033d06a5d71fb95278f438f567be4a51,1565
MFU-52193-1755-d1-1_S257,MFU,b2cce8b98a3306f205e0b3f9f2806911ed85d84f,893
MFU-52193-1436-d1-1_S199,MFU,b2cce8b98a3306f205e0b3f9f2806911ed85d84f,38
MFU-52193-1769-d1-1_S260,MFU,b2cce8b98a3306f205e0b3f9f2806911ed85d84f,1185
MFU-52193-1447-d5-1_S201,MFU,b2cce8b98a3306f205e0b3f9f2806911ed85d84f,130
MFU-52193-1680-d1-1_S246,MFU,b2cce8b98a3306f205e0b3f9f2806911ed85d84f,1456
MFU-52193-1782-d1-1_S262,MFU,c846fb66c7de970a4bff5002fd151195b1e90d04,1490
MFU-52193-1585-d1-1_S229,MFU,bccd92cfa5b24ae99dde494419ba7de26fa998bd,610
MFU-52193-1680-d1-1_S246,MFU,c97d9a6a59e502892e701322ddb2e22959786f45,1375
MFU-52193-1423-d1-1_S197,MFU,c6008bf9dd4b1b66b5a3fe95c2cd140ce82ec6d3,103
MFU-52193-1680-d1-1_S246,MFU,9d3c0e3a8ef5a73178afa8fc58e059e169082d5f,1518
MFU-52193-1769-d1-1_S260,MFU,e95825169403c15589a54b5a1ba8267f5cb48118,60
MFU-52193-1436-d1-1_S199,MFU,1e6ee3380a8bf057d35ea70cf5fb90207726ecdb,17
MFU-52193-1755-d1-1_S257,MFU,616242c7591183d4ddf0acb9db9b71e61d73a145,826
MFU-52193-1887-d1-1_S282,MFU,616242c7591183d4ddf0acb9db9b71e61d73a145,1090
MFU-52193-1782-d1-1_S262,MFU,292c91bb048fe5344720b4e7366ba8217f7451e7,1784
MFU-52193-1595-d1-1_S230,MFU,1014ef29117b1e9c6920cbcf4eae4eee0e266e64,2142
MFU-52193-1690-d1-1_S247,MFU,1014ef29117b1e9c6920cbcf4eae4eee0e266e64,332
MFU-52193-1779-d1-1_S261,MFU,9f896cefaa3bc0a4cfdd678ac28c131d15ef8c2d,1216
MFU-52193-1816-d1-1_S267,MFU,ee1ae34e8e238cead0f6f0e83c3ac3d794384dbd,2
MFU-52193-1755-d1-1_S257,MFU,b2220b6b1670d495c936dd53008e7ca257b5d6bc,1186
MFU-52193-1482-d1-1_S207,MFU,b2220b6b1670d495c936dd53008e7ca257b5d6bc,464
MFU-52193-1892-d1-1_S283,MFU,b2220b6b1670d495c936dd53008e7ca257b5d6bc,652
MFU-52193-1816-d1-1_S267,MFU,b2220b6b1670d495c936dd53008e7ca257b5d6bc,3758
MFU-52193-1792-d1-1_S263,MFU,b2220b6b1670d495c936dd53008e7ca257b5d6bc,5147
MFU-52193-1887-d1-1_S282,MFU,b2220b6b1670d495c936dd53008e7ca257b5d6bc,1685
MFU-52193-1517-d1-1_S213,MFU,b2220b6b1670d495c936dd53008e7ca257b5d6bc,1446
MFU-52193-1877-d1-1_S279,MFU,b2220b6b1670d495c936dd53008e7ca257b5d6bc,136
MFU-52193-1436-d1-1_S199,MFU,b2220b6b1670d495c936dd53008e7ca257b5d6bc,39
MFU-52193-1782-d1-1_S262,MFU,b2220b6b1670d495c936dd53008e7ca257b5d6bc,809
MFU-52193-1704-d1-1_S249,MFU,b2220b6b1670d495c936dd53008e7ca257b5d6bc,716
MFU-52193-1445-d1-1_S200,MFU,b2220b6b1670d495c936dd53008e7ca257b5d6bc,1620
MFU-52193-1804-d1-1_S265,MFU,b2220b6b1670d495c936dd53008e7ca257b5d6bc,910
MFU-52193-1409-d1-1_S196,MFU,b2220b6b1670d495c936dd53008e7ca257b5d6bc,401
MFU-52193-1561-d5-1_S225,MFU,b2220b6b1670d495c936dd53008e7ca257b5d6bc,1674
MFU-52193-1782-d1-1_S262,MFU,43f7566424a2c9044a317ed15475dde4ad165ad6,1664
MFU-52193-1704-d1-1_S249,MFU,a649dff61e065aa65fa8dc0943c918d89f7bbe5a,91
MFU-52193-1704-d1-1_S249,MFU,2a0197678300368ee235231d107a595a8efc3b42,791
MFU-52193-1816-d1-1_S267,MFU,2a0197678300368ee235231d107a595a8efc3b42,1428
MFU-52193-1806-d1-1_S266,MFU,2a0197678300368ee235231d107a595a8efc3b42,1494
MFU-52193-1571-d1-1_S226,MFU,2a0197678300368ee235231d107a595a8efc3b42,1815
MFU-52193-1495-d1-1_S210,MFU,2a0197678300368ee235231d107a595a8efc3b42,117
MFU-52193-1843-d1-1_S274,MFU,2a0197678300368ee235231d107a595a8efc3b42,7328
MFU-52193-1445-d1-1_S200,MFU,2a0197678300368ee235231d107a595a8efc3b42,109
MFU-52193-1877-d1-1_S279,MFU,2a0197678300368ee235231d107a595a8efc3b42,65
MFU-52193-1409-d1-1_S196,MFU,2a0197678300368ee235231d107a595a8efc3b42,353
MFU-52193-1804-d1-1_S265,MFU,2b5201a4a3f1cca534e9b6adb258af06c0f23518,1928
MFU-52193-1595-d1-1_S230,MFU,6af70bd175298cf5a08a0df642606df027c14003,2079
MFU-52193-1779-d1-1_S261,MFU,6af70bd175298cf5a08a0df642606df027c14003,2274
MFU-52193-1423-d1-1_S197,MFU,0b1b4e6638c5642d0830e839e119412d160bcc3e,186
MFU-52193-1680-d1-1_S246,MFU,0b1b4e6638c5642d0830e839e119412d160bcc3e,1471
MFU-52193-1436-d1-1_S199,MFU,0b1b4e6638c5642d0830e839e119412d160bcc3e,105
MFU-52193-1887-d1-1_S282,MFU,76758b87bfa437b1dee9a32c2fede45ea0e9c441,662
MFU-52193-1887-d1-1_S282,MFU,25c299e5088255d94ba28577179912f980e49774,667
MFU-52193-1595-d1-1_S230,MFU,c42e6e354dc29bd7ee9627bb342f7037c32af2c2,2129
MFU-52193-1816-d1-1_S267,MFU,98f2eee5cc4142147dc10600148935080b4c2653,330
MFU-52193-1598-d1-1_S231,MFU,c41680f4e1809fd9ba5859e75b768a862e465909,4084
MFU-52193-1769-d1-1_S260,MFU,40bf541b17fce9760f84816b69e58433c79f81c7,18
MFU-52193-1843-d5-1_S275,MFU,40bf541b17fce9760f84816b69e58433c79f81c7,76
MFU-52193-1598-d1-1_S231,MFU,40bf541b17fce9760f84816b69e58433c79f81c7,2856
MFU-positive-control-d1-1_S287,MFU,3db492f4716a04f894bceb195ec2df6c0ff627ce,56
MFU-positive-control-d1-1_S287,MFU,31f41238b2d21ab702054de79fed82ed77bc94f2,94
MFU-positive-control-d1-1_S287,MFU,0931f311afd850e26fa9c9327711f8730b0c3776,43
MFU-positive-control-d1-1_S287,MFU,cd95a9d4b4b049792bb1cf2033b33c0dc30fef5d,80
MFU-positive-control-d1-1_S287,MFU,09f093bfcd98bd11c8beb13cdb216b19b8a8883c,43
MFU-positive-control-d1-1_S287,MFU,afb6e29d578074f7a4ffe420bed62b2babbaa2c1,76
MFU-positive-control-d1-1_S287,MFU,5681002d25373b0709e61bcde4aed27c530229d4,13
MFU-positive-control-d1-1_S287,MFU,bbb3bcc890abbefe2371f7ee55542ef8cb9debc9,357
MFU-positive-control-d1-1_S287,MFU,46fe35ae87c24e3a2df84804ab6e278294fb4c6d,8
MFU-positive-control-d1-1_S287,MFU,7aa929fd12fc38856e105d3092ae8752af4b44da,74089
MFU-52193-1769-d1-1_S260,MFU,d665a22273eb050425814dad353904c8b09a1f31,104
MFU-52193-1828-d5-1_S269,MFU,d665a22273eb050425814dad353904c8b09a1f31,39900
MFU-52193-1571-d1-1_S226,MFU,da83c719cc06209b92f6b2c6a335a055a2db77cf,464
MFU-52193-1397-d1-1_S194,MFU,1a088919318e3e2bec6ec83510d880a3030ae5d3,5
MFU-52193-1409-d1-1_S196,MFU,7cddc110af308e8d46139439e5b709bde610f239,150
MFU-52193-1445-d1-1_S200,MFU,c6d586dc78d8ef5cac238cba2d5714407775bd69,619
MFU-52193-1409-d1-1_S196,MFU,c6d586dc78d8ef5cac238cba2d5714407775bd69,10108
MFU-52193-1409-d1-1_S196,MFU,1bdd7146e3cbf0053f9cb5729ce96aa2dca3516f,264
MFU-52193-1887-d1-1_S282,MFU,5ad22fb49255272b13ff07b9ca26c15df67831b1,6
MFU-52193-1892-d1-1_S283,MFU,5ad22fb49255272b13ff07b9ca26c15df67831b1,113
MFU-52193-1530-d1-1_S217,MFU,5ad22fb49255272b13ff07b9ca26c15df67831b1,27
MFU-52193-1840-d1-1_S273,MFU,3bf3ba53c9fa2e14c74bb1abef5e67ca8e3bb7f9,2
MFU-52193-1843-d5-1_S275,MFU,0c56c5b7fb4564bdbf57ec88513e18491a359eff,9
MFU-52193-1806-d1-1_S266,MFU,690728fc03a14623b8bbf88d85348c47e24ba0aa,12
MFU-52193-1816-d1-1_S267,MFU,690728fc03a14623b8bbf88d85348c47e24ba0aa,289
MFU-52193-1840-d1-1_S273,MFU,a210a55551b22693281313c8207fa9ce914b2340,150
MFU-52193-1538-d1-1_S220,MFU,a210a55551b22693281313c8207fa9ce914b2340,15
MFU-52193-1834-d1-1_S270,MFU,a210a55551b22693281313c8207fa9ce914b2340,11
MFU-52193-1571-d1-1_S226,MFU,a210a55551b22693281313c8207fa9ce914b2340,1534
MFU-52193-1525-d1-1_S215,MFU,a210a55551b22693281313c8207fa9ce914b2340,279
MFU-52193-1755-d1-1_S257,MFU,a210a55551b22693281313c8207fa9ce914b2340,197
MFU-52193-1397-d1-1_S194,MFU,f3bc36cdc68d45f554c28c2a86f0711673cf6f7c,26
MFU-52193-1470-d1-1_S204,MFU,fe76cd3131a1813236d59e0dc01ec9ea485ef020,157
MFU-52193-1561-d5-1_S225,MFU,fe76cd3131a1813236d59e0dc01ec9ea485ef020,79
MFU-52193-1485-d5-1_S209,MFU,fe76cd3131a1813236d59e0dc01ec9ea485ef020,28
MFU-52193-1782-d1-1_S262,MFU,fe76cd3131a1813236d59e0dc01ec9ea485ef020,123
MFU-52193-1892-d1-1_S283,MFU,d2d9f1847025c71ebd60dc7714b964bf5387ca81,6
MFU-52193-1779-d1-1_S261,MFU,d01c511f5bd922ced1a53a80d1ade060884d42a2,227
MFU-52193-1583-d1-1_S228,MFU,5fe820a53d8fad9411d1b318cdf4a6b46712ca1b,485
MFU-52193-1510-d5-1_S212,MFU,6bbeefce1d7bd692ec30d09bd88da2639dee2294,152
MFU-52193-1806-d1-1_S266,MFU,869bfd54e01e5060039f3e34a3aa817b73151dd1,19550
MFU-52193-1519-d5-1_S214,MFU,869bfd54e01e5060039f3e34a3aa817b73151dd1,343
MFU-52193-1585-d1-1_S229,MFU,869bfd54e01e5060039f3e34a3aa817b73151dd1,272
MFU-52193-1836-d1-1_S271,MFU,869bfd54e01e5060039f3e34a3aa817b73151dd1,505
MFU-52193-1409-d1-1_S196,MFU,869bfd54e01e5060039f3e34a3aa817b73151dd1,279
MFU-52193-1843-d1-1_S274,MFU,869bfd54e01e5060039f3e34a3aa817b73151dd1,59
MFU-52193-1769-d1-1_S260,MFU,869bfd54e01e5060039f3e34a3aa817b73151dd1,1742
MFU-52193-1877-d1-1_S279,MFU,869bfd54e01e5060039f3e34a3aa817b73151dd1,14
MFU-52193-1510-d5-1_S212,MFU,869bfd54e01e5060039f3e34a3aa817b73151dd1,32084
MFU-52193-1397-d1-1_S194,MFU,869bfd54e01e5060039f3e34a3aa817b73151dd1,22
MFU-52193-1472-d5-1_S206,MFU,869bfd54e01e5060039f3e34a3aa817b73151dd1,16082
MFU-52193-1403-d5-1_S195,MFU,869bfd54e01e5060039f3e34a3aa817b73151dd1,56
MFU-52193-1879-d1-1_S280,MFU,869bfd54e01e5060039f3e34a3aa817b73151dd1,11521
MFU-52193-1598-d1-1_S231,MFU,869bfd54e01e5060039f3e34a3aa817b73151dd1,403
MFU-52193-1746-d1-1_S256,MFU,869bfd54e01e5060039f3e34a3aa817b73151dd1,586
MFU-52193-1879-d5-1_S281,MFU,869bfd54e01e5060039f3e34a3aa817b73151dd1,2912
MFU-52193-1561-d5-1_S225,MFU,869bfd54e01e5060039f3e34a3aa817b73151dd1,14313
MFU-52193-1828-d5-1_S269,MFU,869bfd54e01e5060039f3e34a3aa817b73151dd1,12161
MFU-52193-1843-d5-1_S275,MFU,869bfd54e01e5060039f3e34a3aa817b73151dd1,732
MFU-52193-1423-d1-1_S197,MFU,869bfd54e01e5060039f3e34a3aa817b73151dd1,376
MFU-52193-1853-d1-1_S276,MFU,869bfd54e01e5060039f3e34a3aa817b73151dd1,12
MFU-52193-1782-d1-1_S262,MFU,869bfd54e01e5060039f3e34a3aa817b73151dd1,7058
MFU-52193-1867-d5-1_S278,MFU,869bfd54e01e5060039f3e34a3aa817b73151dd1,2278
MFU-52193-1694-d1-1_S248,MFU,869bfd54e01e5060039f3e34a3aa817b73151dd1,98
MFU-52193-1485-d5-1_S209,MFU,869bfd54e01e5060039f3e34a3aa817b73151dd1,2625
MFU-52193-1647-d1-1_S237,MFU,869bfd54e01e5060039f3e34a3aa817b73151dd1,3847
MFU-52193-1769-d1-1_S260,MFU,0eee34e4a4b21bd3f65a4b4e9352a5099250cd89,137
MFU-52193-1472-d5-1_S206,MFU,28d2a8dd3b9252f0330e5ea877ffe48fa8ff1905,77
MFU-52193-1472-d5-1_S206,MFU,1cc01e0796006dca2c9aa200f32607cbe3fb3f03,101
MFU-52193-1510-d5-1_S212,MFU,d2b27a6154b04113297bc75dfb2b30db927a7361,424
MFU-52193-1769-d1-1_S260,MFU,87858069a9553b8d2771f982b38cc3e9046348b8,169
MFU-52193-1828-d5-1_S269,MFU,c35164e990a9abe7b07b5187511e80bf8f5c802f,7
MFU-52193-1662-d5-1_S242,MFU,f4f74e2eceafaba1bc41b313477306a22be1b0df,4
MFU-52193-1519-d5-1_S214,MFU,883e54f5191236e5d35cfaa0a48137d8a63611fd,36
MFU-52193-1397-d1-1_S194,MFU,884e62a14e3ca66ec3aa8ca2a52ccc84c66a2047,937
MFU-52193-1836-d1-1_S271,MFU,f2ba656b8b1e6ff90e22b45f36fc6772c3952d4a,360
MFU-52193-1892-d1-1_S283,MFU,06d4ee00ca7a2a71bbbc7fe74ae28e30bec0630d,232
MFU-52193-1904-d1-1_S285,MFU,a429e3f13feec0f52ba601f71b00743ee171f96b,994
MFU-52193-1836-d5-1_S272,MFU,8e4e8e81be46431264d041da551f19f21da637ec,867
MFU-52193-1892-d1-1_S283,MFU,978bb4632ec82212dc01eea56442e0246a052881,234
MFU-52193-1647-d1-1_S237,MFU,209def5f38e850b2b6a81285777a00d81c85b8ed,1824
MFU-52193-1525-d1-1_S215,MFU,2491ffcd22c019c38661946d58a65159025d397d,171
MFU-52193-1887-d1-1_S282,MFU,2491ffcd22c019c38661946d58a65159025d397d,3620
MFU-52193-1397-d1-1_S194,MFU,2491ffcd22c019c38661946d58a65159025d397d,1187
MFU-52193-1834-d1-1_S270,MFU,2491ffcd22c019c38661946d58a65159025d397d,1421
MFU-52193-1836-d1-1_S271,MFU,2491ffcd22c019c38661946d58a65159025d397d,7596
MFU-52193-1647-d1-1_S237,MFU,2491ffcd22c019c38661946d58a65159025d397d,3078
MFU-52193-1662-d5-1_S242,MFU,2491ffcd22c019c38661946d58a65159025d397d,13767
MFU-52193-1583-d1-1_S228,MFU,2491ffcd22c019c38661946d58a65159025d397d,901
MFU-52193-1828-d5-1_S269,MFU,2491ffcd22c019c38661946d58a65159025d397d,7861
MFU-52193-1547-d1-1_S223,MFU,2491ffcd22c019c38661946d58a65159025d397d,1588
MFU-52193-1704-d1-1_S249,MFU,2491ffcd22c019c38661946d58a65159025d397d,732
MFU-52193-1892-d1-1_S283,MFU,2491ffcd22c019c38661946d58a65159025d397d,43991
MFU-52193-1746-d1-1_S256,MFU,2491ffcd22c019c38661946d58a65159025d397d,451
MFU-52193-1836-d5-1_S272,MFU,2491ffcd22c019c38661946d58a65159025d397d,67442
MFU-52193-1519-d5-1_S214,MFU,2491ffcd22c019c38661946d58a65159025d397d,288
MFU-52193-1694-d1-1_S248,MFU,2491ffcd22c019c38661946d58a65159025d397d,124
MFU-52193-1678-d1-1_S245,MFU,2491ffcd22c019c38661946d58a65159025d397d,521
MFU-52193-1904-d1-1_S285,MFU,2491ffcd22c019c38661946d58a65159025d397d,8168
MFU-52193-1898-d1-1_S284,MFU,2491ffcd22c019c38661946d58a65159025d397d,28086
MFU-52193-1664-d1-1_S243,MFU,2491ffcd22c019c38661946d58a65159025d397d,1344
MFU-52193-1840-d1-1_S273,MFU,2491ffcd22c019c38661946d58a65159025d397d,8620
MFU-52193-1840-d1-1_S273,MFU,ef6cede479f79d3fc46a42bacef3bb2430bab804,245
MFU-52193-1892-d1-1_S283,MFU,ef6cede479f79d3fc46a42bacef3bb2430bab804,302
MFU-52193-1898-d1-1_S284,MFU,ef6cede479f79d3fc46a42bacef3bb2430bab804,1504
MFU-52193-1519-d5-1_S214,MFU,899ca5cd0699b9add28e00caf9e2f730ab91fa24,302
MFU-52193-1840-d1-1_S273,MFU,731f68d33fe001c6f1144ddd87449b2986f03e71,403
MFU-52193-1898-d1-1_S284,MFU,731f68d33fe001c6f1144ddd87449b2986f03e71,1329
MFU-52193-1887-d1-1_S282,MFU,731f68d33fe001c6f1144ddd87449b2986f03e71,61
MFU-52193-1892-d1-1_S283,MFU,731f68d33fe001c6f1144ddd87449b2986f03e71,902
MFU-52193-1836-d5-1_S272,MFU,56b2769e5e1b243156f4db29981ce5126d80e2c3,208
MFU-52193-1840-d1-1_S273,MFU,91dc2d9505a03c2e2f60d1a54be36071908c159b,422
MFU-52193-1836-d5-1_S272,MFU,2f6dff0fe9ebddde4d6684e3878334920a9c2f4f,1041
MFU-52193-1836-d5-1_S272,MFU,27b22de587cdbe527be9562654d1133d84a13f28,1597
MFU-52193-1892-d1-1_S283,MFU,b2931d99b94c9350a3ccb04152ff9e84f2965ab5,56
MFU-52193-1904-d1-1_S285,MFU,eedc937a4c6868cf6c77409e1133bf9188d7d9fc,1398
MFU-52193-1892-d1-1_S283,MFU,eedc937a4c6868cf6c77409e1133bf9188d7d9fc,632
MFU-52193-1887-d1-1_S282,MFU,eedc937a4c6868cf6c77409e1133bf9188d7d9fc,54
MFU-52193-1836-d5-1_S272,MFU,eedc937a4c6868cf6c77409e1133bf9188d7d9fc,526
MFU-52193-1887-d1-1_S282,MFU,fb5b374271f229a1b4ab7689f0814019355d5fe4,16
MFU-52193-1892-d1-1_S283,MFU,fb5b374271f229a1b4ab7689f0814019355d5fe4,317
MFU-52193-1892-d1-1_S283,MFU,92dd52e93c5eb19d5760858181ba1a2b65d48d2e,621
MFU-52193-1892-d1-1_S283,MFU,2187d7e24d5d6184cb6637507d7a9dd7fdc74a90,144
MFU-52193-1423-d1-1_S197,MFU,ca68d89eb1ca0a3ed947b898f91e13d457159326,228
MFU-52193-1472-d5-1_S206,MFU,f253232c786b648f2640895d9b2797f8a28bbc62,6925
MFU-52193-1528-d5-1_S216,MFU,f253232c786b648f2640895d9b2797f8a28bbc62,637
MFU-52193-1423-d1-1_S197,MFU,97812ca380f553fb84bdc7925d5c9a08dce62a74,320
MFU-52193-1423-d1-1_S197,MFU,3d8c9c65f6ba8cdc2665f5e401c1ed1bf1d50b63,460
MFU-52193-1423-d1-1_S197,MFU,815465bf4218c40e60200ea518c5d7cbabd61f1c,166844
MFU-52193-1510-d5-1_S212,MFU,815465bf4218c40e60200ea518c5d7cbabd61f1c,22170
MFU-52193-1694-d1-1_S248,MFU,815465bf4218c40e60200ea518c5d7cbabd61f1c,12910
MFU-52193-1542-d1-1_S221,MFU,815465bf4218c40e60200ea518c5d7cbabd61f1c,69594
MFU-52193-1680-d1-1_S246,MFU,815465bf4218c40e60200ea518c5d7cbabd61f1c,1790
MFU-52193-1585-d1-1_S229,MFU,815465bf4218c40e60200ea518c5d7cbabd61f1c,13953
MFU-52193-1525-d1-1_S215,MFU,815465bf4218c40e60200ea518c5d7cbabd61f1c,569
MFU-52193-1538-d1-1_S220,MFU,815465bf4218c40e60200ea518c5d7cbabd61f1c,9391
MFU-52193-1403-d5-1_S195,MFU,815465bf4218c40e60200ea518c5d7cbabd61f1c,35763
MFU-52193-1485-d5-1_S209,MFU,815465bf4218c40e60200ea518c5d7cbabd61f1c,4607
MFU-52193-1647-d1-1_S237,MFU,815465bf4218c40e60200ea518c5d7cbabd61f1c,201807
MFU-52193-1561-d5-1_S225,MFU,815465bf4218c40e60200ea518c5d7cbabd61f1c,138835
MFU-52193-1470-d1-1_S204,MFU,815465bf4218c40e60200ea518c5d7cbabd61f1c,117
MFU-52193-1517-d1-1_S213,MFU,815465bf4218c40e60200ea518c5d7cbabd61f1c,857
MFU-52193-1447-d5-1_S201,MFU,815465bf4218c40e60200ea518c5d7cbabd61f1c,6991
MFU-52193-1436-d1-1_S199,MFU,815465bf4218c40e60200ea518c5d7cbabd61f1c,18012
MFU-52193-1519-d5-1_S214,MFU,815465bf4218c40e60200ea518c5d7cbabd61f1c,33297
MFU-52193-1530-d1-1_S217,MFU,815465bf4218c40e60200ea518c5d7cbabd61f1c,8535
MFU-52193-1769-d1-1_S260,MFU,815465bf4218c40e60200ea518c5d7cbabd61f1c,109114
MFU-52193-1598-d1-1_S231,MFU,815465bf4218c40e60200ea518c5d7cbabd61f1c,42001
MFU-52193-1746-d1-1_S256,MFU,815465bf4218c40e60200ea518c5d7cbabd61f1c,65903
MFU-52193-1542-d5-1_S222,MFU,815465bf4218c40e60200ea518c5d7cbabd61f1c,391
MFU-52193-1397-d1-1_S194,MFU,815465bf4218c40e60200ea518c5d7cbabd61f1c,2049
MFU-52193-1397-d1-1_S194,MFU,bbe7568745100d93bea883c53aab4d7b86fb81fb,114
MFU-52193-1542-d1-1_S221,MFU,116df929cbcbf7d94963b9e0c3520840a84092a4,126
MFU-52193-1647-d1-1_S237,MFU,f949d8330cbb687c3c32e491a1eca07a807cb598,415
MFU-52193-1436-d1-1_S199,MFU,4ad6e8b2fb1f6e4951a74c0cca5b7cf4098985f0,1047
MFU-52193-1447-d5-1_S201,MFU,4ad6e8b2fb1f6e4951a74c0cca5b7cf4098985f0,193
MFU-52193-1423-d1-1_S197,MFU,4ad6e8b2fb1f6e4951a74c0cca5b7cf4098985f0,83808
MFU-52193-1561-d5-1_S225,MFU,274d5a0f5b54b63365fd848948dd50d3feb9ffd8,40
MFU-52193-1816-d1-1_S267,MFU,af2528bfe836be84a7dd481719ff18e9c9016b18,475
MFU-52193-1530-d1-1_S217,MFU,b38cb4bbda6490e12ac18197f13536d95a375788,622
MFU-52193-1904-d1-1_S285,MFU,c26592d421557c798b6d3287ccf73cf47fc7a3bc,1428
MFU-52193-1892-d1-1_S283,MFU,31773b0b8fc7b99dfd32180d493e99ae8ca53d6c,220
MFU-52193-1887-d1-1_S282,MFU,b810f89f6bc68080a4f1ae9d784dc4052a38a35c,36
MFU-52193-1892-d1-1_S283,MFU,b810f89f6bc68080a4f1ae9d784dc4052a38a35c,425
MFU-52193-1653-d1-1_S238,MFU,878da2bd0e2927f0ea94e2e0118e65a06a8db2a2,1114
MFU-52193-1397-d1-1_S194,MFU,a637bf43d5e132d153855d8251665d935ea12a0b,425
MFU-52193-1782-d1-1_S262,MFU,6784cc5a0176a45a89fe6f5cfc104a8182b53d1e,1346
MFU-52193-1571-d1-1_S226,MFU,42bfc6303f5db0be106ce97e8a0f9f0454bf9218,2674
MFU-52193-1525-d1-1_S215,MFU,42bfc6303f5db0be106ce97e8a0f9f0454bf9218,1409
MFU-52193-1395-d5-1_S193,MFU,42bfc6303f5db0be106ce97e8a0f9f0454bf9218,6
MFU-52193-1898-d1-1_S284,MFU,42bfc6303f5db0be106ce97e8a0f9f0454bf9218,2661
MFU-52193-1561-d5-1_S225,MFU,42bfc6303f5db0be106ce97e8a0f9f0454bf9218,876
MFU-52193-1528-d5-1_S216,MFU,42bfc6303f5db0be106ce97e8a0f9f0454bf9218,590
MFU-52193-1445-d1-1_S200,MFU,7a0c242fa219441720f0e2f4293e0c5bf96714b2,291
MFU-52193-1445-d1-1_S200,MFU,8efd12b65ea83b003fb03f880c7c193d582a5e14,671
MFU-52193-1397-d1-1_S194,MFU,e4d58eaddab0b4990385f6d9477687b318d3ff2b,343
MFU-52193-1538-d1-1_S220,MFU,6cf4802c829feaba6c59edc4c24476bbac62ed57,2005
MFU-52193-1397-d1-1_S194,MFU,600244581e1f8d6e4a9ad277225a3e851138d422,1163
MFU-52193-1397-d1-1_S194,MFU,943ca6a371dade9e002a4fb59e3283cfbbb29a68,28
MFU-52193-1892-d1-1_S283,MFU,6550b5b6e2d8946269402c743a11baeffe8ce624,301
MFU-52193-1397-d1-1_S194,MFU,6550b5b6e2d8946269402c743a11baeffe8ce624,11163
MFU-52193-1887-d1-1_S282,MFU,6550b5b6e2d8946269402c743a11baeffe8ce624,13
MFU-52193-1530-d1-1_S217,MFU,6550b5b6e2d8946269402c743a11baeffe8ce624,9220
MFU-52193-1538-d1-1_S220,MFU,6550b5b6e2d8946269402c743a11baeffe8ce624,37757
MFU-52193-1716-d1-1_S251,MFU,6550b5b6e2d8946269402c743a11baeffe8ce624,1490
MFU-52193-1397-d1-1_S194,MFU,fa80807bff2b58d9c82a3bd96a2b5c2722791f7d,133
MFU-52193-1397-d1-1_S194,MFU,9f0dff5a10b2961529245243298e7701617b7317,618
MFU-52193-1538-d1-1_S220,MFU,6d5f0b702896f8e142e75cb7cd77b1dfbd9b114f,5785
MFU-52193-1397-d1-1_S194,MFU,6d5f0b702896f8e142e75cb7cd77b1dfbd9b114f,2902
MFU-52193-1904-d1-1_S285,MFU,03ac9e716fe523c4c84442c146d5a142dbaec2b8,1278
MFU-52193-1397-d1-1_S194,MFU,0a6c92d9fe241c8faf9ee4360b985f2d04dc565e,157
MFU-52193-1647-d1-1_S237,MFU,0a6c92d9fe241c8faf9ee4360b985f2d04dc565e,2655
MFU-52193-1530-d1-1_S217,MFU,0a6c92d9fe241c8faf9ee4360b985f2d04dc565e,4048
MFU-52193-1397-d1-1_S194,MFU,b5df8b87108b3827e0270a45c84b971058dc9e6f,504
MFU-52193-1530-d1-1_S217,MFU,92e367352aeed8b876b13ae8130c0716d155ca1d,2617
MFU-52193-1538-d1-1_S220,MFU,92e367352aeed8b876b13ae8130c0716d155ca1d,3644
MFU-52193-1397-d1-1_S194,MFU,92e367352aeed8b876b13ae8130c0716d155ca1d,5243
MFU-52193-1887-d1-1_S282,MFU,92e367352aeed8b876b13ae8130c0716d155ca1d,51
MFU-52193-1892-d1-1_S283,MFU,92e367352aeed8b876b13ae8130c0716d155ca1d,934
MFU-52193-1892-d1-1_S283,MFU,1a15331b008d7adcd9dce0a7a93cbf480a615c36,186
MFU-52193-1887-d1-1_S282,MFU,1a15331b008d7adcd9dce0a7a93cbf480a615c36,13
MFU-52193-1397-d1-1_S194,MFU,fb959fffd2ff9552773d938f6c913e6213331861,370
MFU-52193-1794-d1-1_S264,MFU,08efa8015ee6bede76540fbdb18cc548cb55458f,1224
MFU-52193-1879-d1-1_S280,MFU,ea7f7fb8734a160949381badc10a971d64e3bd20,5870
MFU-52193-1843-d5-1_S275,MFU,ea7f7fb8734a160949381badc10a971d64e3bd20,745
MFU-52193-1769-d1-1_S260,MFU,ea7f7fb8734a160949381badc10a971d64e3bd20,1051
MFU-52193-1794-d1-1_S264,MFU,ea7f7fb8734a160949381badc10a971d64e3bd20,1314
MFU-52193-1598-d1-1_S231,MFU,ea7f7fb8734a160949381badc10a971d64e3bd20,440
MFU-52193-1853-d1-1_S276,MFU,ea7f7fb8734a160949381badc10a971d64e3bd20,5
MFU-52193-1423-d1-1_S197,MFU,ea7f7fb8734a160949381badc10a971d64e3bd20,376
MFU-52193-1403-d5-1_S195,MFU,ea7f7fb8734a160949381badc10a971d64e3bd20,122
MFU-52193-1621-d1-1_S234,MFU,ea7f7fb8734a160949381badc10a971d64e3bd20,500
MFU-52193-1887-d1-1_S282,MFU,ea7f7fb8734a160949381badc10a971d64e3bd20,643
MFU-52193-1436-d1-1_S199,MFU,ea7f7fb8734a160949381badc10a971d64e3bd20,62
MFU-52193-1843-d1-1_S274,MFU,ea7f7fb8734a160949381badc10a971d64e3bd20,5488
MFU-52193-1782-d1-1_S262,MFU,ea7f7fb8734a160949381badc10a971d64e3bd20,778
MFU-52193-1528-d5-1_S216,MFU,ea7f7fb8734a160949381badc10a971d64e3bd20,252
MFU-52193-1782-d1-1_S262,MFU,ebf16e9bda52e734e5c55950f62f09d055c2976e,782
MFU-52193-1794-d1-1_S264,MFU,deeecbb7c8c70910f62d68db3675e2638ec6dc54,1368
MFU-52193-1403-d5-1_S195,MFU,7a3cd79f5f5aa22838cecef14cdd58de3a051b02,112
MFU-52193-1472-d5-1_S206,MFU,b3eb3f6d81c3927aaa6a9d48a4da1a70fac1df95,814
MFU-52193-1816-d1-1_S267,MFU,b3eb3f6d81c3927aaa6a9d48a4da1a70fac1df95,4821
MFU-52193-1867-d5-1_S278,MFU,b3eb3f6d81c3927aaa6a9d48a4da1a70fac1df95,1007
MFU-52193-1485-d5-1_S209,MFU,b3eb3f6d81c3927aaa6a9d48a4da1a70fac1df95,370
MFU-52193-1782-d1-1_S262,MFU,b3eb3f6d81c3927aaa6a9d48a4da1a70fac1df95,1344
MFU-52193-1904-d1-1_S285,MFU,2eb97f8c9db1d693c8776973d779782b675b0a3e,499
MFU-52193-1904-d1-1_S285,MFU,117aa1ba49002b52ad5da2e009ea52e5e60d6168,128
MFU-52193-1436-d1-1_S199,MFU,56b2b20cf03c23436c7a3693c3fb6d3fdc17ccc2,57
MFU-52193-1397-d1-1_S194,MFU,d334e2e1f793316fd22167642a71afbd66c78278,763
MFU-52193-1779-d1-1_S261,MFU,a9ac151bfce74c30b4558a69bb507508dffec5f0,132
MFU-52193-1767-d1-1_S259,MFU,df1b8b57bcd0fca784e6772f6b0f3daa2a84113c,559
MFU-52193-1779-d1-1_S261,MFU,df1b8b57bcd0fca784e6772f6b0f3daa2a84113c,5416
MFU-52193-1680-d1-1_S246,MFU,df1b8b57bcd0fca784e6772f6b0f3daa2a84113c,1147
MFU-52193-1843-d1-1_S274,MFU,df1b8b57bcd0fca784e6772f6b0f3daa2a84113c,618
MFU-52193-1561-d5-1_S225,MFU,df1b8b57bcd0fca784e6772f6b0f3daa2a84113c,1027
MFU-52193-1571-d1-1_S226,MFU,df1b8b57bcd0fca784e6772f6b0f3daa2a84113c,8057
MFU-52193-1867-d5-1_S278,MFU,df1b8b57bcd0fca784e6772f6b0f3daa2a84113c,1693
MFU-52193-1621-d1-1_S234,MFU,df1b8b57bcd0fca784e6772f6b0f3daa2a84113c,779
MFU-52193-1482-d1-1_S207,MFU,df1b8b57bcd0fca784e6772f6b0f3daa2a84113c,448
MFU-52193-1816-d1-1_S267,MFU,df1b8b57bcd0fca784e6772f6b0f3daa2a84113c,2096
MFU-52193-1877-d1-1_S279,MFU,df1b8b57bcd0fca784e6772f6b0f3daa2a84113c,39
MFU-52193-1585-d1-1_S229,MFU,df1b8b57bcd0fca784e6772f6b0f3daa2a84113c,93
MFU-52193-1755-d1-1_S257,MFU,df1b8b57bcd0fca784e6772f6b0f3daa2a84113c,1571
MFU-52193-1436-d1-1_S199,MFU,df1b8b57bcd0fca784e6772f6b0f3daa2a84113c,25
MFU-52193-1583-d1-1_S228,MFU,df1b8b57bcd0fca784e6772f6b0f3daa2a84113c,881
MFU-52193-1804-d1-1_S265,MFU,df1b8b57bcd0fca784e6772f6b0f3daa2a84113c,7038
MFU-52193-1792-d1-1_S263,MFU,df1b8b57bcd0fca784e6772f6b0f3daa2a84113c,16351
MFU-52193-1690-d1-1_S247,MFU,df1b8b57bcd0fca784e6772f6b0f3daa2a84113c,253
MFU-52193-1678-d1-1_S245,MFU,df1b8b57bcd0fca784e6772f6b0f3daa2a84113c,1102
MFU-52193-1595-d1-1_S230,MFU,df1b8b57bcd0fca784e6772f6b0f3daa2a84113c,4628
MFU-52193-1879-d1-1_S280,MFU,dea2106d06f37d18d21e5e455b15efea5060acf7,4117
MFU-52193-1528-d5-1_S216,MFU,dea2106d06f37d18d21e5e455b15efea5060acf7,1159
MFU-52193-1680-d1-1_S246,MFU,dea2106d06f37d18d21e5e455b15efea5060acf7,531
MFU-52193-1436-d1-1_S199,MFU,dea2106d06f37d18d21e5e455b15efea5060acf7,29
MFU-52193-1397-d1-1_S194,MFU,dea2106d06f37d18d21e5e455b15efea5060acf7,108
MFU-52193-1530-d1-1_S217,MFU,dea2106d06f37d18d21e5e455b15efea5060acf7,2557
MFU-52193-1542-d1-1_S221,MFU,e54403e644cc9535afac9d825c53aa14c8a1a5e3,486
MFU-52193-1510-d5-1_S212,MFU,e54403e644cc9535afac9d825c53aa14c8a1a5e3,52681
MFU-52193-1519-d5-1_S214,MFU,e54403e644cc9535afac9d825c53aa14c8a1a5e3,1526
MFU-52193-1485-d5-1_S209,MFU,e54403e644cc9535afac9d825c53aa14c8a1a5e3,13688
MFU-52193-1472-d5-1_S206,MFU,e54403e644cc9535afac9d825c53aa14c8a1a5e3,9486
MFU-52193-1598-d1-1_S231,MFU,e54403e644cc9535afac9d825c53aa14c8a1a5e3,181
MFU-52193-1397-d1-1_S194,MFU,12fe0d61324261d319dc5f5774e5348d7a163ab3,294
MFU-52193-1528-d5-1_S216,MFU,12fe0d61324261d319dc5f5774e5348d7a163ab3,286
MFU-52193-1877-d1-1_S279,MFU,d1fe6e0bd523926a57ea6a104a29510a7f1c5a6b,34
MFU-52193-1887-d1-1_S282,MFU,98f92aa12195301ebbd47287eb23c45cffe10ffa,10
MFU-52193-1836-d5-1_S272,MFU,98f92aa12195301ebbd47287eb23c45cffe10ffa,905
MFU-52193-1397-d1-1_S194,MFU,98f92aa12195301ebbd47287eb23c45cffe10ffa,216
MFU-52193-1892-d1-1_S283,MFU,98f92aa12195301ebbd47287eb23c45cffe10ffa,267
MFU-52193-1887-d1-1_S282,MFU,50d5a3f2b4d167cfbca17d817316739f8f89fe8d,15
MFU-52193-1892-d1-1_S283,MFU,50d5a3f2b4d167cfbca17d817316739f8f89fe8d,244
MFU-52193-1904-d1-1_S285,MFU,50d5a3f2b4d167cfbca17d817316739f8f89fe8d,1007
MFU-52193-1583-d1-1_S228,MFU,50d5a3f2b4d167cfbca17d817316739f8f89fe8d,1038
MFU-52193-1397-d1-1_S194,MFU,378a7915511fb868b61f73e71c94926c73113a8c,1150
MFU-52193-1733-d1-1_S255,MFU,02e4a86c119ca4b65e5b616135fa996aa2eb4372,199
MFU-52193-1397-d1-1_S194,MFU,02e4a86c119ca4b65e5b616135fa996aa2eb4372,2048
MFU-52193-1887-d1-1_S282,MFU,02e4a86c119ca4b65e5b616135fa996aa2eb4372,20
MFU-52193-1836-d5-1_S272,MFU,02e4a86c119ca4b65e5b616135fa996aa2eb4372,600
MFU-52193-1840-d1-1_S273,MFU,02e4a86c119ca4b65e5b616135fa996aa2eb4372,741
MFU-52193-1538-d1-1_S220,MFU,02e4a86c119ca4b65e5b616135fa996aa2eb4372,1225
MFU-52193-1547-d1-1_S223,MFU,02e4a86c119ca4b65e5b616135fa996aa2eb4372,2023
MFU-52193-1595-d1-1_S230,MFU,02e4a86c119ca4b65e5b616135fa996aa2eb4372,1082
MFU-52193-1892-d1-1_S283,MFU,02e4a86c119ca4b65e5b616135fa996aa2eb4372,332
MFU-52193-1530-d1-1_S217,MFU,02e4a86c119ca4b65e5b616135fa996aa2eb4372,2566
MFU-52193-1892-d1-1_S283,MFU,ecbc019267bdada8493c2dec08ebc523c46339de,97
MFU-52193-1904-d1-1_S285,MFU,e5cd6e21743a3622ab0fd8072d6f67b5dd2961b6,960
MFU-52193-1892-d1-1_S283,MFU,e5cd6e21743a3622ab0fd8072d6f67b5dd2961b6,5236
MFU-52193-1879-d1-1_S280,MFU,e5cd6e21743a3622ab0fd8072d6f67b5dd2961b6,2789
MFU-52193-1887-d1-1_S282,MFU,e5cd6e21743a3622ab0fd8072d6f67b5dd2961b6,393
MFU-52193-1547-d1-1_S223,MFU,e5cd6e21743a3622ab0fd8072d6f67b5dd2961b6,1682
MFU-52193-1836-d5-1_S272,MFU,e5cd6e21743a3622ab0fd8072d6f67b5dd2961b6,2601
MFU-52193-1828-d5-1_S269,MFU,e5cd6e21743a3622ab0fd8072d6f67b5dd2961b6,4182
MFU-52193-1887-d1-1_S282,MFU,885a8f14568847b76f62b3ae3db8afbb23d933a8,24
MFU-52193-1530-d1-1_S217,MFU,885a8f14568847b76f62b3ae3db8afbb23d933a8,1244
MFU-52193-1538-d1-1_S220,MFU,885a8f14568847b76f62b3ae3db8afbb23d933a8,2273
MFU-52193-1397-d1-1_S194,MFU,885a8f14568847b76f62b3ae3db8afbb23d933a8,595
MFU-52193-1892-d1-1_S283,MFU,885a8f14568847b76f62b3ae3db8afbb23d933a8,264
MFU-52193-1397-d1-1_S194,MFU,d3a973efbba962488ffbf56a5faaec76ad1925a8,222
MFU-52193-1436-d1-1_S199,MFU,d3a973efbba962488ffbf56a5faaec76ad1925a8,20
MFU-52193-1528-d5-1_S216,MFU,d3a973efbba962488ffbf56a5faaec76ad1925a8,133
MFU-52193-1867-d5-1_S278,MFU,98561d5d75e312663abe21ffce3c194ce4395412,1182
MFU-52193-1472-d5-1_S206,MFU,2d069d6128ed64aa351b164d45bf7f6f5387f663,4069
MFU-52193-1769-d1-1_S260,MFU,2d069d6128ed64aa351b164d45bf7f6f5387f663,17029
MFU-52193-1690-d1-1_S247,MFU,2d069d6128ed64aa351b164d45bf7f6f5387f663,360
MFU-52193-1806-d1-1_S266,MFU,2d069d6128ed64aa351b164d45bf7f6f5387f663,13137
MFU-52193-1585-d1-1_S229,MFU,2d069d6128ed64aa351b164d45bf7f6f5387f663,80
MFU-52193-1397-d1-1_S194,MFU,2d069d6128ed64aa351b164d45bf7f6f5387f663,417
MFU-52193-1485-d5-1_S209,MFU,2d069d6128ed64aa351b164d45bf7f6f5387f663,2512
MFU-52193-1843-d5-1_S275,MFU,2d069d6128ed64aa351b164d45bf7f6f5387f663,1763
MFU-52193-1867-d5-1_S278,MFU,2d069d6128ed64aa351b164d45bf7f6f5387f663,12354
MFU-52193-1423-d1-1_S197,MFU,2d069d6128ed64aa351b164d45bf7f6f5387f663,25489
MFU-52193-1510-d5-1_S212,MFU,2d069d6128ed64aa351b164d45bf7f6f5387f663,9424
MFU-52193-1403-d5-1_S195,MFU,2d069d6128ed64aa351b164d45bf7f6f5387f663,648
MFU-52193-1836-d5-1_S272,MFU,2d069d6128ed64aa351b164d45bf7f6f5387f663,4203
MFU-52193-1828-d5-1_S269,MFU,2d069d6128ed64aa351b164d45bf7f6f5387f663,6911
MFU-52193-1538-d1-1_S220,MFU,2d069d6128ed64aa351b164d45bf7f6f5387f663,4450
MFU-52193-1525-d1-1_S215,MFU,2d069d6128ed64aa351b164d45bf7f6f5387f663,766
MFU-52193-1836-d1-1_S271,MFU,2d069d6128ed64aa351b164d45bf7f6f5387f663,3
MFU-52193-1867-d1-1_S277,MFU,2d069d6128ed64aa351b164d45bf7f6f5387f663,5
MFU-52193-1598-d1-1_S231,MFU,2d069d6128ed64aa351b164d45bf7f6f5387f663,286
MFU-52193-1804-d1-1_S265,MFU,2d069d6128ed64aa351b164d45bf7f6f5387f663,1845
MFU-52193-1680-d1-1_S246,MFU,2d069d6128ed64aa351b164d45bf7f6f5387f663,671
MFU-52193-1561-d5-1_S225,MFU,2d069d6128ed64aa351b164d45bf7f6f5387f663,2282
MFU-52193-1647-d1-1_S237,MFU,2d069d6128ed64aa351b164d45bf7f6f5387f663,1276
MFU-52193-1409-d1-1_S196,MFU,2d069d6128ed64aa351b164d45bf7f6f5387f663,1279
MFU-52193-1447-d5-1_S201,MFU,2d069d6128ed64aa351b164d45bf7f6f5387f663,297
MFU-52193-1662-d5-1_S242,MFU,2d069d6128ed64aa351b164d45bf7f6f5387f663,16540
MFU-52193-1782-d1-1_S262,MFU,2d069d6128ed64aa351b164d45bf7f6f5387f663,8518
MFU-52193-1853-d1-1_S276,MFU,2d069d6128ed64aa351b164d45bf7f6f5387f663,41
MFU-52193-1779-d1-1_S261,MFU,2d069d6128ed64aa351b164d45bf7f6f5387f663,2751
MFU-52193-1879-d1-1_S280,MFU,2d069d6128ed64aa351b164d45bf7f6f5387f663,1834
MFU-52193-1794-d1-1_S264,MFU,2d069d6128ed64aa351b164d45bf7f6f5387f663,4301
MFU-52193-1519-d5-1_S214,MFU,2d069d6128ed64aa351b164d45bf7f6f5387f663,2108
MFU-52193-1436-d1-1_S199,MFU,2d069d6128ed64aa351b164d45bf7f6f5387f663,1729
MFU-52193-1482-d1-1_S207,MFU,2d069d6128ed64aa351b164d45bf7f6f5387f663,532
MFU-52193-1843-d1-1_S274,MFU,2d069d6128ed64aa351b164d45bf7f6f5387f663,9913
MFU-52193-1397-d1-1_S194,MFU,ae43df8e20ef3c214aa4e63ee14079a6d342e7b4,450
MFU-52193-1397-d1-1_S194,MFU,d0cdda51d1b32dfdc45fd0096e28e9f248cbf7c2,344
MFU-52193-1538-d1-1_S220,MFU,d0cdda51d1b32dfdc45fd0096e28e9f248cbf7c2,3428
MFU-52193-1397-d1-1_S194,MFU,4f0835c4e7ef86ca54b01124dab77abb362dec5b,145
MFU-52193-1647-d1-1_S237,MFU,e36133ee2c939ad6516e1ab24bd4317c23cafb7c,2751
MFU-52193-1397-d1-1_S194,MFU,e36133ee2c939ad6516e1ab24bd4317c23cafb7c,399
MFU-52193-1397-d1-1_S194,MFU,89c1a5b4c5fc4f9e3e330b3e6e6ca8c4fd0f8ed7,329
MFU-52193-1647-d1-1_S237,MFU,e59a45096752683ded1c5130972087eecf9b5b6e,160
MFU-52193-1662-d5-1_S242,MFU,e59a45096752683ded1c5130972087eecf9b5b6e,9832
MFU-52193-1680-d1-1_S246,MFU,e59a45096752683ded1c5130972087eecf9b5b6e,8007
MFU-52193-1530-d1-1_S217,MFU,20597fff75b959fd5d85ad89c975bc55d887be9e,2305
MFU-52193-1395-d5-1_S193,MFU,3a6a9122e22ef8cce1f5cb1d9da6fda8b3a157ef,29
MFU-52193-1680-d1-1_S246,MFU,3a6a9122e22ef8cce1f5cb1d9da6fda8b3a157ef,27531
MFU-52193-1519-d5-1_S214,MFU,3a6a9122e22ef8cce1f5cb1d9da6fda8b3a157ef,442
MFU-52193-1879-d5-1_S281,MFU,3a6a9122e22ef8cce1f5cb1d9da6fda8b3a157ef,9070
MFU-52193-1423-d1-1_S197,MFU,3a6a9122e22ef8cce1f5cb1d9da6fda8b3a157ef,624
MFU-52193-1892-d1-1_S283,MFU,3a6a9122e22ef8cce1f5cb1d9da6fda8b3a157ef,197
MFU-52193-1397-d1-1_S194,MFU,3a6a9122e22ef8cce1f5cb1d9da6fda8b3a157ef,66677
MFU-52193-1403-d5-1_S195,MFU,3a6a9122e22ef8cce1f5cb1d9da6fda8b3a157ef,369
MFU-52193-1836-d1-1_S271,MFU,3a6a9122e22ef8cce1f5cb1d9da6fda8b3a157ef,2
MFU-52193-1530-d1-1_S217,MFU,3a6a9122e22ef8cce1f5cb1d9da6fda8b3a157ef,53633
MFU-52193-1436-d1-1_S199,MFU,3a6a9122e22ef8cce1f5cb1d9da6fda8b3a157ef,88
MFU-52193-1834-d1-1_S270,MFU,3a6a9122e22ef8cce1f5cb1d9da6fda8b3a157ef,695
MFU-52193-1538-d1-1_S220,MFU,3a6a9122e22ef8cce1f5cb1d9da6fda8b3a157ef,75757
MFU-52193-1887-d1-1_S282,MFU,3a6a9122e22ef8cce1f5cb1d9da6fda8b3a157ef,17
MFU-52193-1879-d1-1_S280,MFU,3a6a9122e22ef8cce1f5cb1d9da6fda8b3a157ef,30130
MFU-52193-1843-d1-1_S274,MFU,3a6a9122e22ef8cce1f5cb1d9da6fda8b3a157ef,160
MFU-52193-1664-d1-1_S243,MFU,3a6a9122e22ef8cce1f5cb1d9da6fda8b3a157ef,1754
MFU-52193-1647-d1-1_S237,MFU,3a6a9122e22ef8cce1f5cb1d9da6fda8b3a157ef,43863
MFU-52193-1836-d5-1_S272,MFU,3a6a9122e22ef8cce1f5cb1d9da6fda8b3a157ef,13329
MFU-52193-1828-d5-1_S269,MFU,3a6a9122e22ef8cce1f5cb1d9da6fda8b3a157ef,1713508
MFU-52193-1525-d1-1_S215,MFU,3a6a9122e22ef8cce1f5cb1d9da6fda8b3a157ef,657
MFU-52193-1485-d5-1_S209,MFU,3a6a9122e22ef8cce1f5cb1d9da6fda8b3a157ef,1185
MFU-52193-1528-d5-1_S216,MFU,3a6a9122e22ef8cce1f5cb1d9da6fda8b3a157ef,96050
MFU-52193-1561-d5-1_S225,MFU,3a6a9122e22ef8cce1f5cb1d9da6fda8b3a157ef,6075
MFU-52193-1542-d5-1_S222,MFU,3a6a9122e22ef8cce1f5cb1d9da6fda8b3a157ef,4
MFU-52193-1633-d1-1_S236,MFU,3a6a9122e22ef8cce1f5cb1d9da6fda8b3a157ef,1022
MFU-52193-1662-d5-1_S242,MFU,3a6a9122e22ef8cce1f5cb1d9da6fda8b3a157ef,34634
MFU-52193-1879-d1-1_S280,MFU,4f0591bf5ad50fd1f594dd1aed295effd33a9cd9,6357
MFU-52193-1397-d1-1_S194,MFU,4f0591bf5ad50fd1f594dd1aed295effd33a9cd9,256
MFU-52193-1530-d1-1_S217,MFU,4f0591bf5ad50fd1f594dd1aed295effd33a9cd9,1068
MFU-52193-1397-d1-1_S194,MFU,63697f710ae36ba1b17bcb4ac713d6f3536926f6,292
MFU-52193-1879-d1-1_S280,MFU,5c9cc64e5640d2fd8e7e59daffa232b1cd331cce,75
MFU-52193-1828-d5-1_S269,MFU,1d87b47060232fc8cc6c82268e364150303c56ed,591
MFU-52193-1397-d1-1_S194,MFU,5c66546d9ff85dc063c996d1d65fc836846cd155,379
MFU-52193-1542-d1-1_S221,MFU,b118bd2deb7e8f494ec21184ceea5181f9b25a74,83
MFU-52193-1397-d1-1_S194,MFU,b118bd2deb7e8f494ec21184ceea5181f9b25a74,98
MFU-52193-1397-d1-1_S194,MFU,7a0ad5f309c274b767f1ef756de06b473cae77aa,239
MFU-52193-1828-d5-1_S269,MFU,7a0ad5f309c274b767f1ef756de06b473cae77aa,1124
MFU-52193-1397-d1-1_S194,MFU,b303c7c8b3b56ec62b1c87eac6fa367e8c415abf,280
MFU-52193-1538-d1-1_S220,MFU,be86c029929030ccaa0e589b71a94a2b8640deda,1614
MFU-52193-1397-d1-1_S194,MFU,d90584af287878e97dae50705b132047614fded1,610
MFU-52193-1879-d1-1_S280,MFU,637ea49635b2f8ee87c7e02df3ada2f24e037f79,2234
MFU-52193-1397-d1-1_S194,MFU,cb68cebc04349daa0a6c1c7e57c328ce5d0e4b51,817
MFU-52193-1647-d1-1_S237,MFU,cb68cebc04349daa0a6c1c7e57c328ce5d0e4b51,5007
MFU-52193-1403-d5-1_S195,MFU,cb68cebc04349daa0a6c1c7e57c328ce5d0e4b51,63
MFU-52193-1647-d1-1_S237,MFU,9592a4ab6453a677ba409de61ccd9ceb9627d20a,24973
MFU-52193-1542-d1-1_S221,MFU,9592a4ab6453a677ba409de61ccd9ceb9627d20a,14015
MFU-52193-1519-d5-1_S214,MFU,9592a4ab6453a677ba409de61ccd9ceb9627d20a,3608
MFU-52193-1598-d1-1_S231,MFU,9592a4ab6453a677ba409de61ccd9ceb9627d20a,69852
MFU-52193-1561-d5-1_S225,MFU,9592a4ab6453a677ba409de61ccd9ceb9627d20a,9085
MFU-52193-1585-d1-1_S229,MFU,9592a4ab6453a677ba409de61ccd9ceb9627d20a,15684
MFU-52193-1542-d5-1_S222,MFU,9592a4ab6453a677ba409de61ccd9ceb9627d20a,35
MFU-52193-1538-d1-1_S220,MFU,9592a4ab6453a677ba409de61ccd9ceb9627d20a,1454
MFU-52193-1662-d5-1_S242,MFU,9592a4ab6453a677ba409de61ccd9ceb9627d20a,2540
MFU-52193-1519-d5-1_S214,MFU,f3a80a1e9eaff2230ee09ea1b07fa5a0f39277e1,324
MFU-52193-1538-d1-1_S220,MFU,f3a80a1e9eaff2230ee09ea1b07fa5a0f39277e1,4409
MFU-52193-1680-d1-1_S246,MFU,f3a80a1e9eaff2230ee09ea1b07fa5a0f39277e1,1334
MFU-52193-1647-d1-1_S237,MFU,f3a80a1e9eaff2230ee09ea1b07fa5a0f39277e1,4205
MFU-52193-1662-d5-1_S242,MFU,825bac69c2735c243b09fe883457ccbab4f8c029,1450
MFU-52193-1828-d5-1_S269,MFU,1d21bbe7091b2bedc57b093fdedcf4d78d764918,1689
MFU-52193-1397-d1-1_S194,MFU,45600bebf1336c1030a23be6ed0e2d2e037300ea,301
MFU-52193-1528-d5-1_S216,MFU,6973c08e6845ef1a2e4e064542b742c13554a776,179
MFU-52193-1397-d1-1_S194,MFU,ec01b65d9aad98c938e24df17c6afc443f752a18,367
MFU-52193-1647-d1-1_S237,MFU,0cbd4a272c9673258ffbc526df49e571d0444c9d,1214
MFU-52193-1806-d1-1_S266,MFU,116e6a9ddc5bc31599200e13e8b0fd7cab66f032,9957
MFU-52193-1782-d1-1_S262,MFU,116e6a9ddc5bc31599200e13e8b0fd7cab66f032,6940
MFU-52193-1647-d1-1_S237,MFU,e9aea8b6e163299971725c33bea31cb758d14156,2149
MFU-52193-1472-d5-1_S206,MFU,1219cef2ab0725617574aec88e0c8862e80ee581,251
MFU-52193-1840-d1-1_S273,MFU,711bd2fa1c666de469f613221014afc5cc8c753f,226
MFU-52193-1409-d1-1_S196,MFU,8f80310988ebfe3e792c67716933f7de31018803,367
MFU-52193-1867-d5-1_S278,MFU,e3f901de5b17fb702624922c6546d75d5412115d,214
MFU-52193-1733-d1-1_S255,MFU,e3f901de5b17fb702624922c6546d75d5412115d,203
MFU-52193-1519-d5-1_S214,MFU,e3f901de5b17fb702624922c6546d75d5412115d,181
MFU-52193-1530-d1-1_S217,MFU,d348c23013e4fa8ffe0fe3396d9f3451fe88db6b,1262
MFU-52193-1892-d1-1_S283,MFU,d348c23013e4fa8ffe0fe3396d9f3451fe88db6b,784
MFU-52193-1571-d1-1_S226,MFU,d348c23013e4fa8ffe0fe3396d9f3451fe88db6b,4719
MFU-52193-1840-d1-1_S273,MFU,d348c23013e4fa8ffe0fe3396d9f3451fe88db6b,2902
MFU-52193-1538-d1-1_S220,MFU,d348c23013e4fa8ffe0fe3396d9f3451fe88db6b,1173
MFU-52193-1585-d1-1_S229,MFU,d348c23013e4fa8ffe0fe3396d9f3451fe88db6b,250
MFU-52193-1583-d1-1_S228,MFU,d348c23013e4fa8ffe0fe3396d9f3451fe88db6b,995
MFU-52193-1653-d1-1_S238,MFU,d348c23013e4fa8ffe0fe3396d9f3451fe88db6b,1855
MFU-52193-1542-d5-1_S222,MFU,d348c23013e4fa8ffe0fe3396d9f3451fe88db6b,17
MFU-52193-1403-d5-1_S195,MFU,d348c23013e4fa8ffe0fe3396d9f3451fe88db6b,131
MFU-52193-1767-d1-1_S259,MFU,d348c23013e4fa8ffe0fe3396d9f3451fe88db6b,5707
MFU-52193-1690-d1-1_S247,MFU,d348c23013e4fa8ffe0fe3396d9f3451fe88db6b,597
MFU-52193-1621-d1-1_S234,MFU,d348c23013e4fa8ffe0fe3396d9f3451fe88db6b,1978
MFU-52193-1834-d1-1_S270,MFU,d348c23013e4fa8ffe0fe3396d9f3451fe88db6b,1808
MFU-52193-1395-d5-1_S193,MFU,d348c23013e4fa8ffe0fe3396d9f3451fe88db6b,3
MFU-52193-1680-d1-1_S246,MFU,d348c23013e4fa8ffe0fe3396d9f3451fe88db6b,9355
MFU-52193-1828-d5-1_S269,MFU,d348c23013e4fa8ffe0fe3396d9f3451fe88db6b,8756
MFU-52193-1472-d5-1_S206,MFU,d348c23013e4fa8ffe0fe3396d9f3451fe88db6b,5189
MFU-52193-1470-d1-1_S204,MFU,d348c23013e4fa8ffe0fe3396d9f3451fe88db6b,501
MFU-52193-1904-d1-1_S285,MFU,d348c23013e4fa8ffe0fe3396d9f3451fe88db6b,2537
MFU-52193-1519-d5-1_S214,MFU,d348c23013e4fa8ffe0fe3396d9f3451fe88db6b,1276
MFU-52193-1409-d1-1_S196,MFU,d348c23013e4fa8ffe0fe3396d9f3451fe88db6b,4750
MFU-52193-1525-d1-1_S215,MFU,d348c23013e4fa8ffe0fe3396d9f3451fe88db6b,1003
MFU-52193-1806-d1-1_S266,MFU,d348c23013e4fa8ffe0fe3396d9f3451fe88db6b,32550
MFU-52193-1598-d1-1_S231,MFU,d348c23013e4fa8ffe0fe3396d9f3451fe88db6b,531
MFU-52193-1423-d1-1_S197,MFU,d348c23013e4fa8ffe0fe3396d9f3451fe88db6b,82
MFU-52193-1867-d5-1_S278,MFU,d348c23013e4fa8ffe0fe3396d9f3451fe88db6b,18453
MFU-52193-1436-d1-1_S199,MFU,d348c23013e4fa8ffe0fe3396d9f3451fe88db6b,23
MFU-52193-1528-d5-1_S216,MFU,d348c23013e4fa8ffe0fe3396d9f3451fe88db6b,82
MFU-52193-1647-d1-1_S237,MFU,d348c23013e4fa8ffe0fe3396d9f3451fe88db6b,233251
MFU-52193-1397-d1-1_S194,MFU,d348c23013e4fa8ffe0fe3396d9f3451fe88db6b,324
MFU-52193-1792-d1-1_S263,MFU,d348c23013e4fa8ffe0fe3396d9f3451fe88db6b,29319
MFU-52193-1794-d1-1_S264,MFU,d348c23013e4fa8ffe0fe3396d9f3451fe88db6b,2563
MFU-52193-1445-d1-1_S200,MFU,d348c23013e4fa8ffe0fe3396d9f3451fe88db6b,1561
MFU-52193-1877-d1-1_S279,MFU,d348c23013e4fa8ffe0fe3396d9f3451fe88db6b,142
MFU-52193-1495-d1-1_S210,MFU,d348c23013e4fa8ffe0fe3396d9f3451fe88db6b,226
MFU-52193-1887-d1-1_S282,MFU,d348c23013e4fa8ffe0fe3396d9f3451fe88db6b,4349
MFU-52193-1733-d1-1_S255,MFU,d348c23013e4fa8ffe0fe3396d9f3451fe88db6b,1257
MFU-52193-1769-d1-1_S260,MFU,d348c23013e4fa8ffe0fe3396d9f3451fe88db6b,839
MFU-52193-1843-d1-1_S274,MFU,d348c23013e4fa8ffe0fe3396d9f3451fe88db6b,6
MFU-52193-1542-d1-1_S221,MFU,d348c23013e4fa8ffe0fe3396d9f3451fe88db6b,357
MFU-52193-1898-d1-1_S284,MFU,d348c23013e4fa8ffe0fe3396d9f3451fe88db6b,2289
MFU-52193-1482-d1-1_S207,MFU,d348c23013e4fa8ffe0fe3396d9f3451fe88db6b,1650
MFU-52193-1704-d1-1_S249,MFU,d348c23013e4fa8ffe0fe3396d9f3451fe88db6b,372
MFU-52193-1447-d5-1_S201,MFU,d348c23013e4fa8ffe0fe3396d9f3451fe88db6b,190
MFU-52193-1547-d1-1_S223,MFU,d348c23013e4fa8ffe0fe3396d9f3451fe88db6b,4523
MFU-52193-1782-d1-1_S262,MFU,d348c23013e4fa8ffe0fe3396d9f3451fe88db6b,21322
MFU-52193-1867-d5-1_S278,MFU,b248d42e32ae199807845f2cd20f99232b8cccac,298
MFU-52193-1585-d1-1_S229,MFU,9e0e104dc6a4685b2fbedc44560ce99e99800dc3,3860
MFU-52193-1867-d5-1_S278,MFU,27f003fc1e7efcb1fb4b84fe2994ad915e3fe632,149
MFU-52193-1767-d1-1_S259,MFU,4047d2ed5ce0af8f63a6cf37c487bd4ed4d01a0c,50
MFU-52193-1647-d1-1_S237,MFU,885ab3ddcb648adecf8cd179fd02b092081519b3,593
MFU-52193-1571-d1-1_S226,MFU,cf4d224031dcad650e658ae97464123aafe0e7e4,2013
MFU-52193-1834-d1-1_S270,MFU,72d93a313d0244edae1cc9229ebd2525ddaec2ed,1094
MFU-52193-1690-d1-1_S247,MFU,72d93a313d0244edae1cc9229ebd2525ddaec2ed,140
MFU-52193-1887-d1-1_S282,MFU,72d93a313d0244edae1cc9229ebd2525ddaec2ed,695
MFU-52193-1769-d1-1_S260,MFU,72d93a313d0244edae1cc9229ebd2525ddaec2ed,1324
MFU-52193-1653-d1-1_S238,MFU,72d93a313d0244edae1cc9229ebd2525ddaec2ed,1358
MFU-52193-1782-d1-1_S262,MFU,72d93a313d0244edae1cc9229ebd2525ddaec2ed,3544
MFU-52193-1680-d1-1_S246,MFU,72d93a313d0244edae1cc9229ebd2525ddaec2ed,6754
MFU-52193-1840-d1-1_S273,MFU,72d93a313d0244edae1cc9229ebd2525ddaec2ed,807
MFU-52193-1403-d5-1_S195,MFU,72d93a313d0244edae1cc9229ebd2525ddaec2ed,79
MFU-52193-1397-d1-1_S194,MFU,72d93a313d0244edae1cc9229ebd2525ddaec2ed,52
MFU-52193-1447-d5-1_S201,MFU,72d93a313d0244edae1cc9229ebd2525ddaec2ed,247
MFU-52193-1806-d1-1_S266,MFU,72d93a313d0244edae1cc9229ebd2525ddaec2ed,11161
MFU-52193-1472-d5-1_S206,MFU,72d93a313d0244edae1cc9229ebd2525ddaec2ed,477
MFU-52193-1792-d1-1_S263,MFU,72d93a313d0244edae1cc9229ebd2525ddaec2ed,14508
MFU-52193-1445-d1-1_S200,MFU,72d93a313d0244edae1cc9229ebd2525ddaec2ed,1984
MFU-52193-1647-d1-1_S237,MFU,72d93a313d0244edae1cc9229ebd2525ddaec2ed,36130
MFU-52193-1538-d1-1_S220,MFU,72d93a313d0244edae1cc9229ebd2525ddaec2ed,4988
MFU-52193-1519-d5-1_S214,MFU,72d93a313d0244edae1cc9229ebd2525ddaec2ed,255
MFU-52193-1782-d1-1_S262,MFU,464b81cbb57591b510b837ba69a4ba6c59e5205a,54
MFU-52193-1647-d1-1_S237,MFU,72a1f30d4909b9e7edc9c2322d810081493cd632,1200
MFU-52193-1834-d1-1_S270,MFU,20ddce083a13107666eb2c532e1ca3cb6c9ef7b3,2438
MFU-52193-1887-d1-1_S282,MFU,3ff15dd01caa344873b9d1249be21e26d0b46744,656
MFU-52193-1445-d1-1_S200,MFU,09d6c51d8166f80ceb6874a33d508b317d42e987,109
MFU-52193-1519-d5-1_S214,MFU,0e37d67cf705ef5a39ad2880df6de7ccecd75ac4,161
MFU-52193-1867-d5-1_S278,MFU,89ad5032f3b3389104cd97100ee6f977546c47b5,216
MFU-52193-1767-d1-1_S259,MFU,a19ef3499738d5b41ec20490992223d44f1f2ad1,282
MFU-52193-1423-d1-1_S197,MFU,2388a63c66eb39c03c474a4d0c9d7b0d99782629,184
MFU-52193-1530-d1-1_S217,MFU,2388a63c66eb39c03c474a4d0c9d7b0d99782629,2788
MFU-52193-1528-d5-1_S216,MFU,2388a63c66eb39c03c474a4d0c9d7b0d99782629,1022
MFU-52193-1528-d5-1_S216,MFU,10e44fa0e925a4099c04661edda137a6e81337ed,289
MFU-52193-1547-d1-1_S223,MFU,6318069bc340cb468d70f4a0b05510de5f2be23a,1043
MFU-52193-1519-d5-1_S214,MFU,8abaec4943ef54419cc6e19a0d4c732a403e0601,7
MFU-52193-1472-d5-1_S206,MFU,8abaec4943ef54419cc6e19a0d4c732a403e0601,31
MFU-52193-1538-d1-1_S220,MFU,9e1cfed582c96063274d062ac9907d5a9981fa58,3
MFU-52193-1840-d1-1_S273,MFU,d28ed2ba2d710775fd79b25622a042b2c75aafa4,4141
MFU-52193-1834-d1-1_S270,MFU,d28ed2ba2d710775fd79b25622a042b2c75aafa4,338
MFU-52193-1898-d1-1_S284,MFU,d28ed2ba2d710775fd79b25622a042b2c75aafa4,357
MFU-52193-1633-d1-1_S236,MFU,b82f492c1b92bea39b3f2156bd3b7c413b446221,80
MFU-52193-1904-d1-1_S285,MFU,b82f492c1b92bea39b3f2156bd3b7c413b446221,107
MFU-52193-1840-d1-1_S273,MFU,b82f492c1b92bea39b3f2156bd3b7c413b446221,788
MFU-52193-1834-d1-1_S270,MFU,b82f492c1b92bea39b3f2156bd3b7c413b446221,42
MFU-52193-1397-d1-1_S194,MFU,d9e99aae5d59e4b3e2f3153e9f85b742a8de2f2e,1892
MFU-52193-1447-d5-1_S201,MFU,478dd98db3a0a5b681d314fcd6aa476db6e43489,20842
MFU-52193-1423-d1-1_S197,MFU,478dd98db3a0a5b681d314fcd6aa476db6e43489,70489
MFU-52193-1395-d5-1_S193,MFU,478dd98db3a0a5b681d314fcd6aa476db6e43489,28
MFU-52193-1403-d5-1_S195,MFU,478dd98db3a0a5b681d314fcd6aa476db6e43489,19886
MFU-52193-1510-d5-1_S212,MFU,478dd98db3a0a5b681d314fcd6aa476db6e43489,976
MFU-52193-1436-d1-1_S199,MFU,478dd98db3a0a5b681d314fcd6aa476db6e43489,11132
MFU-52193-1561-d5-1_S225,MFU,478dd98db3a0a5b681d314fcd6aa476db6e43489,780
MFU-52193-1538-d1-1_S220,MFU,478dd98db3a0a5b681d314fcd6aa476db6e43489,1245
MFU-52193-1423-d1-1_S197,MFU,50ea2986a909b5f08183fd7622720b46062f53eb,105
MFU-52193-1397-d1-1_S194,MFU,5dba722e9c6e77d71fbaf1a86bb3fd07b3d7a492,227
MFU-52193-1397-d1-1_S194,MFU,24aa872290ba5387d642c3003435b9bedeae8739,7689
MFU-52193-1397-d1-1_S194,MFU,d2711364d1b740514affc343fa46aed1842c10a0,236
MFU-52193-1397-d1-1_S194,MFU,5ffe59b2788d9d74ef8d28c6d4e19661a0c08a31,614
MFU-52193-1530-d1-1_S217,MFU,5ffe59b2788d9d74ef8d28c6d4e19661a0c08a31,26353
MFU-52193-1397-d1-1_S194,MFU,c1ad5dcf80f545ba7898092dc7f43083024048f0,1556
MFU-52193-1530-d1-1_S217,MFU,4f15b0fe0a0c22ba823085cfe2cec5b058af5bdd,1281
MFU-52193-1867-d1-1_S277,MFU,d35e32477ff076dab13bc2d5d6550ce21e069b19,8
MFU-52193-1423-d1-1_S197,MFU,d35e32477ff076dab13bc2d5d6550ce21e069b19,706
MFU-52193-1843-d5-1_S275,MFU,d35e32477ff076dab13bc2d5d6550ce21e069b19,3883
MFU-52193-1843-d1-1_S274,MFU,d35e32477ff076dab13bc2d5d6550ce21e069b19,11390
MFU-52193-1853-d1-1_S276,MFU,d35e32477ff076dab13bc2d5d6550ce21e069b19,39
MFU-52193-1879-d1-1_S280,MFU,d35e32477ff076dab13bc2d5d6550ce21e069b19,2806
MFU-52193-1436-d1-1_S199,MFU,d35e32477ff076dab13bc2d5d6550ce21e069b19,199
MFU-52193-1423-d1-1_S197,MFU,4fa12f7e90a8f0c887d81c92715557417436d21d,163
MFU-52193-1767-d1-1_S259,MFU,64a897f0f0b27820855574cb8134273fb5f6a01d,728
MFU-52193-1472-d5-1_S206,MFU,ae1af22426cd9909d42e58dee43af538fbb979a7,410
MFU-52193-1571-d1-1_S226,MFU,5f56ccd0038872f6e9ec89158552c7bcb7618e53,54
MFU-52193-1647-d1-1_S237,MFU,db9666f6b84a58c2fcb59aea64e1a34798716c4e,165
MFU-52193-1867-d5-1_S278,MFU,a6424466e59a23ba392f1ef8c32dcae78555d1b3,186
MFU-52193-1816-d1-1_S267,MFU,826cde5a22c4be61dd971122ac878e011ba5a51a,30
MFU-52193-1767-d1-1_S259,MFU,06e34eeb6a67554db916559bd33c62fc904a453d,337
MFU-52193-1733-d1-1_S255,MFU,6c10b5899bba357b017747ab42656440e6bd11e6,10
MFU-52193-1733-d1-1_S255,MFU,3ff9fda22b9eb21b59af88fecc519686af26fcb2,6
MFU-52193-1867-d5-1_S278,MFU,b9d9880fae1753b7bd7bad008156e6be6ee4560e,4
MFU-52193-1621-d1-1_S234,MFU,0ea87f62b1e9b9412ee53656af2fd1c388c339c4,23
MFU-52193-1704-d1-1_S249,MFU,2e517d19c604021c7c8c28b5d8287931ebb6d8e1,280
MFU-52193-1767-d1-1_S259,MFU,74b1f0574a0f569ad346565d7bde93f24fdc7e1c,4
MFU-52193-1621-d1-1_S234,MFU,dae3eecf79c053aaa97166d582d2c526aad1a30e,3
MFU-52193-1887-d1-1_S282,MFU,8b3a044c8b5446a18f1fdd44ea960449e3c5cd7b,3
MFU-52193-1892-d1-1_S283,MFU,8b3a044c8b5446a18f1fdd44ea960449e3c5cd7b,90
MFU-52193-1887-d1-1_S282,MFU,5fb4e37154e6876ceacd6a6d488ed8b77125be2b,23
MFU-52193-1538-d1-1_S220,MFU,5fb4e37154e6876ceacd6a6d488ed8b77125be2b,206
MFU-52193-1892-d1-1_S283,MFU,5fb4e37154e6876ceacd6a6d488ed8b77125be2b,453
MFU-52193-1779-d1-1_S261,MFU,1f3935eac61189f961a5c47bb0e85272c0b96b3f,2615
MFU-52193-1538-d1-1_S220,MFU,1f3935eac61189f961a5c47bb0e85272c0b96b3f,2504
MFU-52193-1482-d1-1_S207,MFU,f0d166a63e61f57ae50d36b97221d0d266377b54,6
MFU-52193-1767-d1-1_S259,MFU,625870be92c86b20314114be06b94674008fbad7,21
MFU-52193-1755-d1-1_S257,MFU,b09cad054329946768acf984ca8fbc6c3167a409,13
MFU-52193-1816-d1-1_S267,MFU,a21a8c75ce92e9f8f1f91f4cdc52d8a8ee4352ce,3
MFU-52193-1517-d1-1_S213,MFU,c11c1263d0a7a80bb701c0c7de9575d96ffbe64c,4
MFU-52193-1755-d1-1_S257,MFU,eeb0f9e4aaebf4765945edc1029cf9062767432d,39
MFU-52193-1653-d1-1_S238,MFU,eeb0f9e4aaebf4765945edc1029cf9062767432d,24
MFU-52193-1704-d1-1_S249,MFU,eeb0f9e4aaebf4765945edc1029cf9062767432d,94
MFU-52193-1607-d1-1_S232,MFU,eeb0f9e4aaebf4765945edc1029cf9062767432d,264
MFU-52193-1547-d1-1_S223,MFU,eeb0f9e4aaebf4765945edc1029cf9062767432d,60
MFU-52193-1525-d1-1_S215,MFU,eeb0f9e4aaebf4765945edc1029cf9062767432d,14
MFU-52193-1409-d1-1_S196,MFU,eeb0f9e4aaebf4765945edc1029cf9062767432d,2
MFU-52193-1904-d1-1_S285,MFU,eeb0f9e4aaebf4765945edc1029cf9062767432d,4
MFU-52193-1595-d1-1_S230,MFU,eeb0f9e4aaebf4765945edc1029cf9062767432d,21
MFU-52193-1571-d1-1_S226,MFU,eeb0f9e4aaebf4765945edc1029cf9062767432d,582
MFU-52193-1733-d1-1_S255,MFU,eeb0f9e4aaebf4765945edc1029cf9062767432d,70
MFU-52193-1517-d1-1_S213,MFU,ee4cd4fa8af3ffeb14854678ee6806b6a4aa5993,5
MFU-52193-1834-d1-1_S270,MFU,ce925478babb78fa85f80d1322fbc1d4dd3e3508,13
MFU-52193-1621-d1-1_S234,MFU,49a139c135256c15679e278e3daaaaf6caee77c3,48
MFU-52193-1755-d1-1_S257,MFU,f5e62d518ead556e75d2138f7b4cb2ad9561cac9,37
MFU-52193-1690-d1-1_S247,MFU,0a3274ad01c4e4ef15cf4006cb7c9eb5790cf9e8,6
MFU-52193-1867-d5-1_S278,MFU,25a7532af8aaf13fc1d932d29796864aaa7d65eb,10
MFU-52193-1607-d1-1_S232,MFU,8ef704b49fd68352ca10738d33851c8da8106a2c,3
MFU-52193-1482-d1-1_S207,MFU,59ac76fa9756c61462e8f07a81285e2293c12f47,2
MFU-52193-1806-d1-1_S266,MFU,1e33919fea8e07050c25474ec3bdb9364d8df741,18
MFU-52193-1436-d1-1_S199,MFU,407bf7c0b8ad332d10bb83e9e96e0ee1b258aaa8,6
MFU-52193-1397-d1-1_S194,MFU,758c788ac3c9a7995919508982de48b4915fc36b,11
MFU-52193-1585-d1-1_S229,MFU,bf4f3b15528a8d007793a354c9738548f3b53cf7,97
MFU-52193-1836-d1-1_S271,MFU,6a2cd6fc4e4108d021c8b379a0712e9888431836,23
MFU-52193-1769-d1-1_S260,MFU,6a2cd6fc4e4108d021c8b379a0712e9888431836,354
MFU-52193-1694-d1-1_S248,MFU,6a2cd6fc4e4108d021c8b379a0712e9888431836,5
MFU-52193-1779-d1-1_S261,MFU,6a2cd6fc4e4108d021c8b379a0712e9888431836,1889
MFU-52193-1436-d1-1_S199,MFU,6a2cd6fc4e4108d021c8b379a0712e9888431836,35835
MFU-52193-1836-d5-1_S272,MFU,6a2cd6fc4e4108d021c8b379a0712e9888431836,747
MFU-52193-1816-d1-1_S267,MFU,6a2cd6fc4e4108d021c8b379a0712e9888431836,1353
MFU-52193-1510-d5-1_S212,MFU,6a2cd6fc4e4108d021c8b379a0712e9888431836,5058
MFU-52193-1528-d5-1_S216,MFU,6a2cd6fc4e4108d021c8b379a0712e9888431836,1540
MFU-52193-1867-d1-1_S277,MFU,6a2cd6fc4e4108d021c8b379a0712e9888431836,99
MFU-52193-1598-d1-1_S231,MFU,6a2cd6fc4e4108d021c8b379a0712e9888431836,245
MFU-52193-1867-d5-1_S278,MFU,6a2cd6fc4e4108d021c8b379a0712e9888431836,28204
MFU-52193-1447-d5-1_S201,MFU,6a2cd6fc4e4108d021c8b379a0712e9888431836,7912
MFU-52193-1792-d1-1_S263,MFU,6a2cd6fc4e4108d021c8b379a0712e9888431836,5470
MFU-52193-1806-d1-1_S266,MFU,6a2cd6fc4e4108d021c8b379a0712e9888431836,20225
MFU-52193-1403-d5-1_S195,MFU,6a2cd6fc4e4108d021c8b379a0712e9888431836,69
MFU-52193-1782-d1-1_S262,MFU,6a2cd6fc4e4108d021c8b379a0712e9888431836,86399
MFU-52193-1423-d1-1_S197,MFU,6a2cd6fc4e4108d021c8b379a0712e9888431836,555
MFU-52193-1879-d5-1_S281,MFU,6a2cd6fc4e4108d021c8b379a0712e9888431836,38071
MFU-52193-1879-d1-1_S280,MFU,6a2cd6fc4e4108d021c8b379a0712e9888431836,54653
MFU-52193-1843-d1-1_S274,MFU,6a2cd6fc4e4108d021c8b379a0712e9888431836,69484
MFU-52193-1794-d1-1_S264,MFU,6a2cd6fc4e4108d021c8b379a0712e9888431836,25994
MFU-52193-1853-d1-1_S276,MFU,6a2cd6fc4e4108d021c8b379a0712e9888431836,650
MFU-52193-1519-d5-1_S214,MFU,6a2cd6fc4e4108d021c8b379a0712e9888431836,1098
MFU-52193-1746-d1-1_S256,MFU,6a2cd6fc4e4108d021c8b379a0712e9888431836,30
MFU-52193-1472-d5-1_S206,MFU,6a2cd6fc4e4108d021c8b379a0712e9888431836,21622
MFU-52193-1485-d5-1_S209,MFU,6a2cd6fc4e4108d021c8b379a0712e9888431836,9368
MFU-52193-1843-d5-1_S275,MFU,6a2cd6fc4e4108d021c8b379a0712e9888431836,32647
MFU-52193-1472-d5-1_S206,MFU,e94defb7a7ee2942f9e2ed6249ba0ea690ca155c,836
MFU-52193-1528-d5-1_S216,MFU,e94defb7a7ee2942f9e2ed6249ba0ea690ca155c,257
MFU-52193-1510-d5-1_S212,MFU,e94defb7a7ee2942f9e2ed6249ba0ea690ca155c,4145
MFU-52193-1716-d1-1_S251,MFU,66900701ad74d59ac484900e10a7aa9263d67012,13
